日期,商品名称,商品ID,类别,属性类别,属性名称,搜索人群占比,访问人群占比,支付人群占比
2023-02-01 ~ 2023-02-28,美国进口MoveFree益节 氨糖软骨素 钙片 维骨力氨基葡萄糖120粒*2,527016966632,竞品,新老访客,新客,,97.01%,75.41%
2023-02-01 ~ 2023-02-28,美国进口MoveFree益节 氨糖软骨素 钙片 维骨力氨基葡萄糖120粒*2,527016966632,竞品,新老访客,老客,,2.99%,24.59%
2023-02-01 ~ 2023-02-28,美国进口MoveFree益节 氨糖软骨素 钙片 维骨力氨基葡萄糖120粒*2,527016966632,竞品,年龄,18-25岁,,5.67%,5.17%
2023-02-01 ~ 2023-02-28,美国进口MoveFree益节 氨糖软骨素 钙片 维骨力氨基葡萄糖120粒*2,527016966632,竞品,年龄,26-30岁,,11.02%,13.60%
2023-02-01 ~ 2023-02-28,美国进口MoveFree益节 氨糖软骨素 钙片 维骨力氨基葡萄糖120粒*2,527016966632,竞品,年龄,31-35岁,,14.93%,18.35%
2023-02-01 ~ 2023-02-28,美国进口MoveFree益节 氨糖软骨素 钙片 维骨力氨基葡萄糖120粒*2,527016966632,竞品,年龄,36-40岁,,14.28%,17.65%
2023-02-01 ~ 2023-02-28,美国进口MoveFree益节 氨糖软骨素 钙片 维骨力氨基葡萄糖120粒*2,527016966632,竞品,年龄,41-50岁,,14.82%,16.42%
2023-02-01 ~ 2023-02-28,美国进口MoveFree益节 氨糖软骨素 钙片 维骨力氨基葡萄糖120粒*2,527016966632,竞品,年龄,51岁以上,,5.51%,3.46%
2023-02-01 ~ 2023-02-28,美国进口MoveFree益节 氨糖软骨素 钙片 维骨力氨基葡萄糖120粒*2,527016966632,竞品,年龄,蒙面侠,,33.78%,25.36%
2023-02-01 ~ 2023-02-28,美国进口MoveFree益节 氨糖软骨素 钙片 维骨力氨基葡萄糖120粒*2,527016966632,竞品,性别,女,,70.14%,69.28%
2023-02-01 ~ 2023-02-28,美国进口MoveFree益节 氨糖软骨素 钙片 维骨力氨基葡萄糖120粒*2,527016966632,竞品,性别,男,,27.44%,30.68%
2023-02-01 ~ 2023-02-28,美国进口MoveFree益节 氨糖软骨素 钙片 维骨力氨基葡萄糖120粒*2,527016966632,竞品,性别,未知,,2.42%,0.05%
2023-02-01 ~ 2023-02-28,美国进口MoveFree益节 氨糖软骨素 钙片 维骨力氨基葡萄糖120粒*2,527016966632,竞品,兴趣爱好,养生专家,,15.09%,48.32%
2023-02-01 ~ 2023-02-28,美国进口MoveFree益节 氨糖软骨素 钙片 维骨力氨基葡萄糖120粒*2,527016966632,竞品,兴趣爱好,吃货,,7.66%,4.52%
2023-02-01 ~ 2023-02-28,美国进口MoveFree益节 氨糖软骨素 钙片 维骨力氨基葡萄糖120粒*2,527016966632,竞品,兴趣爱好,数码达人,,6.13%,4.18%
2023-02-01 ~ 2023-02-28,美国进口MoveFree益节 氨糖软骨素 钙片 维骨力氨基葡萄糖120粒*2,527016966632,竞品,兴趣爱好,烹饪达人,,6.04%,3.02%
2023-02-01 ~ 2023-02-28,美国进口MoveFree益节 氨糖软骨素 钙片 维骨力氨基葡萄糖120粒*2,527016966632,竞品,兴趣爱好,速食客,,5.41%,3.59%
2023-02-01 ~ 2023-02-28,美国进口MoveFree益节 氨糖软骨素 钙片 维骨力氨基葡萄糖120粒*2,527016966632,竞品,兴趣爱好,美丽教主,,4.66%,2.13%
2023-02-01 ~ 2023-02-28,美国进口MoveFree益节 氨糖软骨素 钙片 维骨力氨基葡萄糖120粒*2,527016966632,竞品,兴趣爱好,家庭主妇,,4.39%,1.65%
2023-02-01 ~ 2023-02-28,美国进口MoveFree益节 氨糖软骨素 钙片 维骨力氨基葡萄糖120粒*2,527016966632,竞品,兴趣爱好,时尚靓妹,,4.08%,1.74%
2023-02-01 ~ 2023-02-28,美国进口MoveFree益节 氨糖软骨素 钙片 维骨力氨基葡萄糖120粒*2,527016966632,竞品,兴趣爱好,未知,,3.85%,0.92%
2023-02-01 ~ 2023-02-28,美国进口MoveFree益节 氨糖软骨素 钙片 维骨力氨基葡萄糖120粒*2,527016966632,竞品,兴趣爱好,职场办公,,3.79%,2.21%
2023-02-01 ~ 2023-02-28,美国进口MoveFree益节 氨糖软骨素 钙片 维骨力氨基葡萄糖120粒*2,527016966632,竞品,兴趣爱好,阅读者,,3.73%,3.25%
2023-02-01 ~ 2023-02-28,美国进口MoveFree益节 氨糖软骨素 钙片 维骨力氨基葡萄糖120粒*2,527016966632,竞品,兴趣爱好,收纳达人,,3.51%,2.61%
2023-02-01 ~ 2023-02-28,美国进口MoveFree益节 氨糖软骨素 钙片 维骨力氨基葡萄糖120粒*2,527016966632,竞品,兴趣爱好,买鞋控,,2.96%,1.85%
2023-02-01 ~ 2023-02-28,美国进口MoveFree益节 氨糖软骨素 钙片 维骨力氨基葡萄糖120粒*2,527016966632,竞品,兴趣爱好,白富美,,2.91%,2.04%
2023-02-01 ~ 2023-02-28,美国进口MoveFree益节 氨糖软骨素 钙片 维骨力氨基葡萄糖120粒*2,527016966632,竞品,兴趣爱好,爱包人,,2.68%,1.76%
2023-02-01 ~ 2023-02-28,美国进口MoveFree益节 氨糖软骨素 钙片 维骨力氨基葡萄糖120粒*2,527016966632,竞品,兴趣爱好,学霸,,2.10%,1.52%
2023-02-01 ~ 2023-02-28,美国进口MoveFree益节 氨糖软骨素 钙片 维骨力氨基葡萄糖120粒*2,527016966632,竞品,兴趣爱好,二手买家,,1.91%,0.75%
2023-02-01 ~ 2023-02-28,美国进口MoveFree益节 氨糖软骨素 钙片 维骨力氨基葡萄糖120粒*2,527016966632,竞品,兴趣爱好,休闲大咖,,1.87%,1.45%
2023-02-01 ~ 2023-02-28,美国进口MoveFree益节 氨糖软骨素 钙片 维骨力氨基葡萄糖120粒*2,527016966632,竞品,兴趣爱好,花卉一族,,1.84%,1.45%
2023-02-01 ~ 2023-02-28,美国进口MoveFree益节 氨糖软骨素 钙片 维骨力氨基葡萄糖120粒*2,527016966632,竞品,兴趣爱好,健美一族,,1.66%,1.24%
2023-02-01 ~ 2023-02-28,美国进口MoveFree益节 氨糖软骨素 钙片 维骨力氨基葡萄糖120粒*2,527016966632,竞品,兴趣爱好,运动一族,,1.45%,0.75%
2023-02-01 ~ 2023-02-28,美国进口MoveFree益节 氨糖软骨素 钙片 维骨力氨基葡萄糖120粒*2,527016966632,竞品,兴趣爱好,户外一族,,1.44%,0.89%
2023-02-01 ~ 2023-02-28,美国进口MoveFree益节 氨糖软骨素 钙片 维骨力氨基葡萄糖120粒*2,527016966632,竞品,兴趣爱好,高富帅,,1.27%,0.65%
2023-02-01 ~ 2023-02-28,美国进口MoveFree益节 氨糖软骨素 钙片 维骨力氨基葡萄糖120粒*2,527016966632,竞品,兴趣爱好,有型潮男,,1.24%,0.67%
2023-02-01 ~ 2023-02-28,美国进口MoveFree益节 氨糖软骨素 钙片 维骨力氨基葡萄糖120粒*2,527016966632,竞品,兴趣爱好,酒品人生,,1.23%,1.00%
2023-02-01 ~ 2023-02-28,美国进口MoveFree益节 氨糖软骨素 钙片 维骨力氨基葡萄糖120粒*2,527016966632,竞品,兴趣爱好,爱听音乐,,1.09%,0.84%
2023-02-01 ~ 2023-02-28,美国进口MoveFree益节 氨糖软骨素 钙片 维骨力氨基葡萄糖120粒*2,527016966632,竞品,兴趣爱好,追风骑士,,0.87%,0.65%
2023-02-01 ~ 2023-02-28,美国进口MoveFree益节 氨糖软骨素 钙片 维骨力氨基葡萄糖120粒*2,527016966632,竞品,兴趣爱好,情趣一族,,0.86%,0.65%
2023-02-01 ~ 2023-02-28,美国进口MoveFree益节 氨糖软骨素 钙片 维骨力氨基葡萄糖120粒*2,527016966632,竞品,兴趣爱好,绘画家,,0.69%,0.68%
2023-02-01 ~ 2023-02-28,美国进口MoveFree益节 氨糖软骨素 钙片 维骨力氨基葡萄糖120粒*2,527016966632,竞品,兴趣爱好,动漫迷,,0.69%,0.65%
2023-02-01 ~ 2023-02-28,美国进口MoveFree益节 氨糖软骨素 钙片 维骨力氨基葡萄糖120粒*2,527016966632,竞品,兴趣爱好,旅行者,,0.66%,0.56%
2023-02-01 ~ 2023-02-28,美国进口MoveFree益节 氨糖软骨素 钙片 维骨力氨基葡萄糖120粒*2,527016966632,竞品,兴趣爱好,游戏人生,,0.49%,0.45%
2023-02-01 ~ 2023-02-28,美国进口MoveFree益节 氨糖软骨素 钙片 维骨力氨基葡萄糖120粒*2,527016966632,竞品,兴趣爱好,摄影一族,,0.40%,0.33%
2023-02-01 ~ 2023-02-28,美国进口MoveFree益节 氨糖软骨素 钙片 维骨力氨基葡萄糖120粒*2,527016966632,竞品,兴趣爱好,网络一族,,0.36%,0.28%
2023-02-01 ~ 2023-02-28,美国进口MoveFree益节 氨糖软骨素 钙片 维骨力氨基葡萄糖120粒*2,527016966632,竞品,兴趣爱好,乐器迷,,0.32%,0.22%
2023-02-01 ~ 2023-02-28,美国进口MoveFree益节 氨糖软骨素 钙片 维骨力氨基葡萄糖120粒*2,527016966632,竞品,兴趣爱好,收藏家,,0.27%,0.12%
2023-02-01 ~ 2023-02-28,美国进口MoveFree益节 氨糖软骨素 钙片 维骨力氨基葡萄糖120粒*2,527016966632,竞品,兴趣爱好,舞林人士,,0.21%,0.11%
2023-02-01 ~ 2023-02-28,美国进口MoveFree益节 氨糖软骨素 钙片 维骨力氨基葡萄糖120粒*2,527016966632,竞品,兴趣爱好,电影派,,0.14%,0.05%
2023-02-01 ~ 2023-02-28,美国进口MoveFree益节 氨糖软骨素 钙片 维骨力氨基葡萄糖120粒*2,527016966632,竞品,兴趣爱好,商家会,,0.05%,0.14%
2023-02-01 ~ 2023-02-28,美国进口MoveFree益节 氨糖软骨素 钙片 维骨力氨基葡萄糖120粒*2,527016966632,竞品,兴趣爱好,果粉,,0.01%,0.09%
2023-02-01 ~ 2023-02-28,美国进口MoveFree益节 氨糖软骨素 钙片 维骨力氨基葡萄糖120粒*2,527016966632,竞品,兴趣爱好,书法家,,0.00%,0.03%
2023-02-01 ~ 2023-02-28,美国进口MoveFree益节 氨糖软骨素 钙片 维骨力氨基葡萄糖120粒*2,527016966632,竞品,城市,上海市,,9.96%,12.70%
2023-02-01 ~ 2023-02-28,美国进口MoveFree益节 氨糖软骨素 钙片 维骨力氨基葡萄糖120粒*2,527016966632,竞品,城市,北京市,,6.13%,7.27%
2023-02-01 ~ 2023-02-28,美国进口MoveFree益节 氨糖软骨素 钙片 维骨力氨基葡萄糖120粒*2,527016966632,竞品,城市,广州市,,3.05%,2.60%
2023-02-01 ~ 2023-02-28,美国进口MoveFree益节 氨糖软骨素 钙片 维骨力氨基葡萄糖120粒*2,527016966632,竞品,城市,杭州市,,2.95%,3.35%
2023-02-01 ~ 2023-02-28,美国进口MoveFree益节 氨糖软骨素 钙片 维骨力氨基葡萄糖120粒*2,527016966632,竞品,城市,未知,,2.88%,0.35%
2023-02-01 ~ 2023-02-28,美国进口MoveFree益节 氨糖软骨素 钙片 维骨力氨基葡萄糖120粒*2,527016966632,竞品,城市,深圳市,,2.70%,3.15%
2023-02-01 ~ 2023-02-28,美国进口MoveFree益节 氨糖软骨素 钙片 维骨力氨基葡萄糖120粒*2,527016966632,竞品,城市,成都市,,2.68%,3.15%
2023-02-01 ~ 2023-02-28,美国进口MoveFree益节 氨糖软骨素 钙片 维骨力氨基葡萄糖120粒*2,527016966632,竞品,城市,天津市,,2.61%,2.28%
2023-02-01 ~ 2023-02-28,美国进口MoveFree益节 氨糖软骨素 钙片 维骨力氨基葡萄糖120粒*2,527016966632,竞品,城市,南京市,,1.97%,2.18%
2023-02-01 ~ 2023-02-28,美国进口MoveFree益节 氨糖软骨素 钙片 维骨力氨基葡萄糖120粒*2,527016966632,竞品,城市,重庆市,,1.91%,1.77%
2023-02-01 ~ 2023-02-28,美国进口MoveFree益节 氨糖软骨素 钙片 维骨力氨基葡萄糖120粒*2,527016966632,竞品,城市,武汉市,,1.83%,1.50%
2023-02-01 ~ 2023-02-28,美国进口MoveFree益节 氨糖软骨素 钙片 维骨力氨基葡萄糖120粒*2,527016966632,竞品,城市,苏州市,,1.82%,1.77%
2023-02-01 ~ 2023-02-28,美国进口MoveFree益节 氨糖软骨素 钙片 维骨力氨基葡萄糖120粒*2,527016966632,竞品,城市,青岛市,,1.47%,1.76%
2023-02-01 ~ 2023-02-28,美国进口MoveFree益节 氨糖软骨素 钙片 维骨力氨基葡萄糖120粒*2,527016966632,竞品,城市,西安市,,1.46%,1.49%
2023-02-01 ~ 2023-02-28,美国进口MoveFree益节 氨糖软骨素 钙片 维骨力氨基葡萄糖120粒*2,527016966632,竞品,城市,沈阳市,,1.38%,0.95%
2023-02-01 ~ 2023-02-28,美国进口MoveFree益节 氨糖软骨素 钙片 维骨力氨基葡萄糖120粒*2,527016966632,竞品,城市,长沙市,,1.25%,1.11%
2023-02-01 ~ 2023-02-28,美国进口MoveFree益节 氨糖软骨素 钙片 维骨力氨基葡萄糖120粒*2,527016966632,竞品,城市,郑州市,,1.16%,1.16%
2023-02-01 ~ 2023-02-28,美国进口MoveFree益节 氨糖软骨素 钙片 维骨力氨基葡萄糖120粒*2,527016966632,竞品,城市,无锡市,,1.13%,1.46%
2023-02-01 ~ 2023-02-28,美国进口MoveFree益节 氨糖软骨素 钙片 维骨力氨基葡萄糖120粒*2,527016966632,竞品,城市,宁波市,,1.11%,1.29%
2023-02-01 ~ 2023-02-28,美国进口MoveFree益节 氨糖软骨素 钙片 维骨力氨基葡萄糖120粒*2,527016966632,竞品,城市,哈尔滨市,,1.10%,0.75%
2023-02-01 ~ 2023-02-28,美国进口MoveFree益节 氨糖软骨素 钙片 维骨力氨基葡萄糖120粒*2,527016966632,竞品,城市,大连市,,1.09%,0.87%
2023-02-01 ~ 2023-02-28,美国进口MoveFree益节 氨糖软骨素 钙片 维骨力氨基葡萄糖120粒*2,527016966632,竞品,城市,福州市,,1.06%,0.59%
2023-02-01 ~ 2023-02-28,美国进口MoveFree益节 氨糖软骨素 钙片 维骨力氨基葡萄糖120粒*2,527016966632,竞品,城市,昆明市,,0.96%,1.04%
2023-02-01 ~ 2023-02-28,美国进口MoveFree益节 氨糖软骨素 钙片 维骨力氨基葡萄糖120粒*2,527016966632,竞品,城市,佛山市,,0.88%,1.02%
2023-02-01 ~ 2023-02-28,美国进口MoveFree益节 氨糖软骨素 钙片 维骨力氨基葡萄糖120粒*2,527016966632,竞品,城市,济南市,,0.86%,0.81%
2023-02-01 ~ 2023-02-28,美国进口MoveFree益节 氨糖软骨素 钙片 维骨力氨基葡萄糖120粒*2,527016966632,竞品,城市,合肥市,,0.85%,0.75%
2023-02-01 ~ 2023-02-28,美国进口MoveFree益节 氨糖软骨素 钙片 维骨力氨基葡萄糖120粒*2,527016966632,竞品,城市,长春市,,0.83%,0.81%
2023-02-01 ~ 2023-02-28,美国进口MoveFree益节 氨糖软骨素 钙片 维骨力氨基葡萄糖120粒*2,527016966632,竞品,城市,太原市,,0.77%,0.77%
2023-02-01 ~ 2023-02-28,美国进口MoveFree益节 氨糖软骨素 钙片 维骨力氨基葡萄糖120粒*2,527016966632,竞品,城市,东莞市,,0.75%,0.87%
2023-02-01 ~ 2023-02-28,美国进口MoveFree益节 氨糖软骨素 钙片 维骨力氨基葡萄糖120粒*2,527016966632,竞品,城市,常州市,,0.72%,0.99%
2023-02-01 ~ 2023-02-28,美国进口MoveFree益节 氨糖软骨素 钙片 维骨力氨基葡萄糖120粒*2,527016966632,竞品,城市,厦门市,,0.70%,0.75%
2023-02-01 ~ 2023-02-28,美国进口MoveFree益节 氨糖软骨素 钙片 维骨力氨基葡萄糖120粒*2,527016966632,竞品,城市,石家庄市,,0.68%,0.48%
2023-02-01 ~ 2023-02-28,美国进口MoveFree益节 氨糖软骨素 钙片 维骨力氨基葡萄糖120粒*2,527016966632,竞品,城市,温州市,,0.68%,0.65%
2023-02-01 ~ 2023-02-28,美国进口MoveFree益节 氨糖软骨素 钙片 维骨力氨基葡萄糖120粒*2,527016966632,竞品,城市,金华市,,0.65%,0.99%
2023-02-01 ~ 2023-02-28,美国进口MoveFree益节 氨糖软骨素 钙片 维骨力氨基葡萄糖120粒*2,527016966632,竞品,城市,嘉兴市,,0.64%,0.54%
2023-02-01 ~ 2023-02-28,美国进口MoveFree益节 氨糖软骨素 钙片 维骨力氨基葡萄糖120粒*2,527016966632,竞品,城市,烟台市,,0.61%,0.72%
2023-02-01 ~ 2023-02-28,美国进口MoveFree益节 氨糖软骨素 钙片 维骨力氨基葡萄糖120粒*2,527016966632,竞品,城市,南通市,,0.55%,0.57%
2023-02-01 ~ 2023-02-28,美国进口MoveFree益节 氨糖软骨素 钙片 维骨力氨基葡萄糖120粒*2,527016966632,竞品,城市,南昌市,,0.53%,0.51%
2023-02-01 ~ 2023-02-28,美国进口MoveFree益节 氨糖软骨素 钙片 维骨力氨基葡萄糖120粒*2,527016966632,竞品,城市,潍坊市,,0.51%,0.30%
2023-02-01 ~ 2023-02-28,美国进口MoveFree益节 氨糖软骨素 钙片 维骨力氨基葡萄糖120粒*2,527016966632,竞品,城市,南宁市,,0.50%,0.30%
2023-02-01 ~ 2023-02-28,美国进口MoveFree益节 氨糖软骨素 钙片 维骨力氨基葡萄糖120粒*2,527016966632,竞品,城市,临沂市,,0.49%,0.50%
2023-02-01 ~ 2023-02-28,美国进口MoveFree益节 氨糖软骨素 钙片 维骨力氨基葡萄糖120粒*2,527016966632,竞品,城市,绍兴市,,0.49%,0.69%
2023-02-01 ~ 2023-02-28,美国进口MoveFree益节 氨糖软骨素 钙片 维骨力氨基葡萄糖120粒*2,527016966632,竞品,城市,徐州市,,0.46%,0.53%
2023-02-01 ~ 2023-02-28,美国进口MoveFree益节 氨糖软骨素 钙片 维骨力氨基葡萄糖120粒*2,527016966632,竞品,城市,贵阳市,,0.45%,0.53%
2023-02-01 ~ 2023-02-28,美国进口MoveFree益节 氨糖软骨素 钙片 维骨力氨基葡萄糖120粒*2,527016966632,竞品,城市,保定市,,0.45%,0.27%
2023-02-01 ~ 2023-02-28,美国进口MoveFree益节 氨糖软骨素 钙片 维骨力氨基葡萄糖120粒*2,527016966632,竞品,城市,唐山市,,0.43%,0.41%
2023-02-01 ~ 2023-02-28,美国进口MoveFree益节 氨糖软骨素 钙片 维骨力氨基葡萄糖120粒*2,527016966632,竞品,城市,泉州市,,0.43%,0.45%
2023-02-01 ~ 2023-02-28,美国进口MoveFree益节 氨糖软骨素 钙片 维骨力氨基葡萄糖120粒*2,527016966632,竞品,城市,洛阳市,,0.41%,0.35%
2023-02-01 ~ 2023-02-28,美国进口MoveFree益节 氨糖软骨素 钙片 维骨力氨基葡萄糖120粒*2,527016966632,竞品,城市,湖州市,,0.41%,0.44%
2023-02-01 ~ 2023-02-28,美国进口MoveFree益节 氨糖软骨素 钙片 维骨力氨基葡萄糖120粒*2,527016966632,竞品,城市,镇江市,,0.40%,0.38%
2023-02-01 ~ 2023-02-28,美国进口MoveFree益节 氨糖软骨素 钙片 维骨力氨基葡萄糖120粒*2,527016966632,竞品,城市,兰州市,,0.37%,0.26%
2023-02-01 ~ 2023-02-28,美国进口MoveFree益节 氨糖软骨素 钙片 维骨力氨基葡萄糖120粒*2,527016966632,竞品,城市,惠州市,,0.36%,0.24%
2023-02-01 ~ 2023-02-28,美国进口MoveFree益节 氨糖软骨素 钙片 维骨力氨基葡萄糖120粒*2,527016966632,竞品,城市,廊坊市,,0.36%,0.18%
2023-02-01 ~ 2023-02-28,美国进口MoveFree益节 氨糖软骨素 钙片 维骨力氨基葡萄糖120粒*2,527016966632,竞品,城市,汕头市,,0.34%,0.18%
2023-02-01 ~ 2023-02-28,美国进口MoveFree益节 氨糖软骨素 钙片 维骨力氨基葡萄糖120粒*2,527016966632,竞品,城市,中山市,,0.34%,0.18%
2023-02-01 ~ 2023-02-28,美国进口MoveFree益节 氨糖软骨素 钙片 维骨力氨基葡萄糖120粒*2,527016966632,竞品,城市,邯郸市,,0.33%,0.18%
2023-02-01 ~ 2023-02-28,美国进口MoveFree益节 氨糖软骨素 钙片 维骨力氨基葡萄糖120粒*2,527016966632,竞品,城市,扬州市,,0.33%,0.35%
2023-02-01 ~ 2023-02-28,美国进口MoveFree益节 氨糖软骨素 钙片 维骨力氨基葡萄糖120粒*2,527016966632,竞品,城市,台州市,,0.33%,0.24%
2023-02-01 ~ 2023-02-28,美国进口MoveFree益节 氨糖软骨素 钙片 维骨力氨基葡萄糖120粒*2,527016966632,竞品,城市,鞍山市,,0.32%,0.18%
2023-02-01 ~ 2023-02-28,美国进口MoveFree益节 氨糖软骨素 钙片 维骨力氨基葡萄糖120粒*2,527016966632,竞品,城市,淄博市,,0.31%,0.51%
2023-02-01 ~ 2023-02-28,美国进口MoveFree益节 氨糖软骨素 钙片 维骨力氨基葡萄糖120粒*2,527016966632,竞品,城市,珠海市,,0.29%,0.24%
2023-02-01 ~ 2023-02-28,美国进口MoveFree益节 氨糖软骨素 钙片 维骨力氨基葡萄糖120粒*2,527016966632,竞品,城市,威海市,,0.28%,0.24%
2023-02-01 ~ 2023-02-28,美国进口MoveFree益节 氨糖软骨素 钙片 维骨力氨基葡萄糖120粒*2,527016966632,竞品,城市,新乡市,,0.28%,0.26%
2023-02-01 ~ 2023-02-28,美国进口MoveFree益节 氨糖软骨素 钙片 维骨力氨基葡萄糖120粒*2,527016966632,竞品,城市,江门市,,0.28%,0.18%
2023-02-01 ~ 2023-02-28,美国进口MoveFree益节 氨糖软骨素 钙片 维骨力氨基葡萄糖120粒*2,527016966632,竞品,城市,济宁市,,0.27%,0.18%
2023-02-01 ~ 2023-02-28,美国进口MoveFree益节 氨糖软骨素 钙片 维骨力氨基葡萄糖120粒*2,527016966632,竞品,城市,海口市,,0.27%,0.27%
2023-02-01 ~ 2023-02-28,美国进口MoveFree益节 氨糖软骨素 钙片 维骨力氨基葡萄糖120粒*2,527016966632,竞品,城市,秦皇岛市,,0.26%,0.12%
2023-02-01 ~ 2023-02-28,美国进口MoveFree益节 氨糖软骨素 钙片 维骨力氨基葡萄糖120粒*2,527016966632,竞品,城市,盐城市,,0.26%,0.30%
2023-02-01 ~ 2023-02-28,美国进口MoveFree益节 氨糖软骨素 钙片 维骨力氨基葡萄糖120粒*2,527016966632,竞品,城市,吉林市,,0.26%,0.29%
2023-02-01 ~ 2023-02-28,美国进口MoveFree益节 氨糖软骨素 钙片 维骨力氨基葡萄糖120粒*2,527016966632,竞品,城市,呼和浩特市,,0.26%,0.18%
2023-02-01 ~ 2023-02-28,美国进口MoveFree益节 氨糖软骨素 钙片 维骨力氨基葡萄糖120粒*2,527016966632,竞品,城市,沧州市,,0.24%,0.18%
2023-02-01 ~ 2023-02-28,美国进口MoveFree益节 氨糖软骨素 钙片 维骨力氨基葡萄糖120粒*2,527016966632,竞品,城市,桂林市,,0.24%,0.18%
2023-02-01 ~ 2023-02-28,美国进口MoveFree益节 氨糖软骨素 钙片 维骨力氨基葡萄糖120粒*2,527016966632,竞品,城市,包头市,,0.24%,0.29%
2023-02-01 ~ 2023-02-28,美国进口MoveFree益节 氨糖软骨素 钙片 维骨力氨基葡萄糖120粒*2,527016966632,竞品,城市,泰州市,,0.23%,0.29%
2023-02-01 ~ 2023-02-28,美国进口MoveFree益节 氨糖软骨素 钙片 维骨力氨基葡萄糖120粒*2,527016966632,竞品,城市,漳州市,,0.23%,0.26%
2023-02-01 ~ 2023-02-28,美国进口MoveFree益节 氨糖软骨素 钙片 维骨力氨基葡萄糖120粒*2,527016966632,竞品,城市,焦作市,,0.22%,0.06%
2023-02-01 ~ 2023-02-28,美国进口MoveFree益节 氨糖软骨素 钙片 维骨力氨基葡萄糖120粒*2,527016966632,竞品,城市,宜昌市,,0.22%,0.18%
2023-02-01 ~ 2023-02-28,美国进口MoveFree益节 氨糖软骨素 钙片 维骨力氨基葡萄糖120粒*2,527016966632,竞品,城市,邢台市,,0.22%,0.11%
2023-02-01 ~ 2023-02-28,美国进口MoveFree益节 氨糖软骨素 钙片 维骨力氨基葡萄糖120粒*2,527016966632,竞品,城市,大同市,,0.22%,0.12%
2023-02-01 ~ 2023-02-28,美国进口MoveFree益节 氨糖软骨素 钙片 维骨力氨基葡萄糖120粒*2,527016966632,竞品,城市,乌鲁木齐市,,0.22%,0.29%
2023-02-01 ~ 2023-02-28,美国进口MoveFree益节 氨糖软骨素 钙片 维骨力氨基葡萄糖120粒*2,527016966632,竞品,城市,阜阳市,,0.22%,0.18%
2023-02-01 ~ 2023-02-28,美国进口MoveFree益节 氨糖软骨素 钙片 维骨力氨基葡萄糖120粒*2,527016966632,竞品,城市,大庆市,,0.22%,0.27%
2023-02-01 ~ 2023-02-28,美国进口MoveFree益节 氨糖软骨素 钙片 维骨力氨基葡萄糖120粒*2,527016966632,竞品,城市,芜湖市,,0.22%,0.29%
2023-02-01 ~ 2023-02-28,美国进口MoveFree益节 氨糖软骨素 钙片 维骨力氨基葡萄糖120粒*2,527016966632,竞品,城市,齐齐哈尔市,,0.21%,0.18%
2023-02-01 ~ 2023-02-28,美国进口MoveFree益节 氨糖软骨素 钙片 维骨力氨基葡萄糖120粒*2,527016966632,竞品,城市,南阳市,,0.21%,0.18%
2023-02-01 ~ 2023-02-28,美国进口MoveFree益节 氨糖软骨素 钙片 维骨力氨基葡萄糖120粒*2,527016966632,竞品,城市,连云港市,,0.21%,0.24%
2023-02-01 ~ 2023-02-28,美国进口MoveFree益节 氨糖软骨素 钙片 维骨力氨基葡萄糖120粒*2,527016966632,竞品,城市,绵阳市,,0.21%,0.18%
2023-02-01 ~ 2023-02-28,美国进口MoveFree益节 氨糖软骨素 钙片 维骨力氨基葡萄糖120粒*2,527016966632,竞品,城市,张家口市,,0.20%,0.17%
2023-02-01 ~ 2023-02-28,美国进口MoveFree益节 氨糖软骨素 钙片 维骨力氨基葡萄糖120粒*2,527016966632,竞品,城市,淮安市,,0.20%,0.11%
2023-02-01 ~ 2023-02-28,美国进口MoveFree益节 氨糖软骨素 钙片 维骨力氨基葡萄糖120粒*2,527016966632,竞品,城市,德州市,,0.20%,0.11%
2023-02-01 ~ 2023-02-28,美国进口MoveFree益节 氨糖软骨素 钙片 维骨力氨基葡萄糖120粒*2,527016966632,竞品,城市,咸阳市,,0.19%,0.29%
2023-02-01 ~ 2023-02-28,美国进口MoveFree益节 氨糖软骨素 钙片 维骨力氨基葡萄糖120粒*2,527016966632,竞品,城市,衡阳市,,0.19%,0.18%
2023-02-01 ~ 2023-02-28,美国进口MoveFree益节 氨糖软骨素 钙片 维骨力氨基葡萄糖120粒*2,527016966632,竞品,城市,锦州市,,0.19%,0.11%
2023-02-01 ~ 2023-02-28,美国进口MoveFree益节 氨糖软骨素 钙片 维骨力氨基葡萄糖120粒*2,527016966632,竞品,城市,赣州市,,0.19%,0.17%
2023-02-01 ~ 2023-02-28,美国进口MoveFree益节 氨糖软骨素 钙片 维骨力氨基葡萄糖120粒*2,527016966632,竞品,城市,开封市,,0.18%,0.18%
2023-02-01 ~ 2023-02-28,美国进口MoveFree益节 氨糖软骨素 钙片 维骨力氨基葡萄糖120粒*2,527016966632,竞品,城市,泰安市,,0.18%,0.18%
2023-02-01 ~ 2023-02-28,美国进口MoveFree益节 氨糖软骨素 钙片 维骨力氨基葡萄糖120粒*2,527016966632,竞品,城市,舟山市,,0.18%,0.29%
2023-02-01 ~ 2023-02-28,美国进口MoveFree益节 氨糖软骨素 钙片 维骨力氨基葡萄糖120粒*2,527016966632,竞品,城市,晋中市,,0.18%,0.03%
2023-02-01 ~ 2023-02-28,美国进口MoveFree益节 氨糖软骨素 钙片 维骨力氨基葡萄糖120粒*2,527016966632,竞品,城市,东营市,,0.18%,0.12%
2023-02-01 ~ 2023-02-28,美国进口MoveFree益节 氨糖软骨素 钙片 维骨力氨基葡萄糖120粒*2,527016966632,竞品,城市,运城市,,0.17%,0.11%
2023-02-01 ~ 2023-02-28,美国进口MoveFree益节 氨糖软骨素 钙片 维骨力氨基葡萄糖120粒*2,527016966632,竞品,城市,营口市,,0.17%,0.18%
2023-02-01 ~ 2023-02-28,美国进口MoveFree益节 氨糖软骨素 钙片 维骨力氨基葡萄糖120粒*2,527016966632,竞品,城市,柳州市,,0.17%,0.15%
2023-02-01 ~ 2023-02-28,美国进口MoveFree益节 氨糖软骨素 钙片 维骨力氨基葡萄糖120粒*2,527016966632,竞品,城市,抚顺市,,0.17%,0.17%
2023-02-01 ~ 2023-02-28,美国进口MoveFree益节 氨糖软骨素 钙片 维骨力氨基葡萄糖120粒*2,527016966632,竞品,城市,平顶山市,,0.17%,0.18%
2023-02-01 ~ 2023-02-28,美国进口MoveFree益节 氨糖软骨素 钙片 维骨力氨基葡萄糖120粒*2,527016966632,竞品,城市,延边朝鲜族自治州,,0.17%,0.11%
2023-02-01 ~ 2023-02-28,美国进口MoveFree益节 氨糖软骨素 钙片 维骨力氨基葡萄糖120粒*2,527016966632,竞品,城市,株洲市,,0.17%,0.15%
2023-02-01 ~ 2023-02-28,美国进口MoveFree益节 氨糖软骨素 钙片 维骨力氨基葡萄糖120粒*2,527016966632,竞品,城市,日照市,,0.17%,0.18%
2023-02-01 ~ 2023-02-28,美国进口MoveFree益节 氨糖软骨素 钙片 维骨力氨基葡萄糖120粒*2,527016966632,竞品,城市,丽水市,,0.16%,0.18%
2023-02-01 ~ 2023-02-28,美国进口MoveFree益节 氨糖软骨素 钙片 维骨力氨基葡萄糖120粒*2,527016966632,竞品,城市,丹东市,,0.16%,0.12%
2023-02-01 ~ 2023-02-28,美国进口MoveFree益节 氨糖软骨素 钙片 维骨力氨基葡萄糖120粒*2,527016966632,竞品,城市,蚌埠市,,0.16%,0.15%
2023-02-01 ~ 2023-02-28,美国进口MoveFree益节 氨糖软骨素 钙片 维骨力氨基葡萄糖120粒*2,527016966632,竞品,城市,荆州市,,0.16%,0.18%
2023-02-01 ~ 2023-02-28,美国进口MoveFree益节 氨糖软骨素 钙片 维骨力氨基葡萄糖120粒*2,527016966632,竞品,城市,周口市,,0.16%,0.15%
2023-02-01 ~ 2023-02-28,美国进口MoveFree益节 氨糖软骨素 钙片 维骨力氨基葡萄糖120粒*2,527016966632,竞品,城市,临汾市,,0.16%,0.17%
2023-02-01 ~ 2023-02-28,美国进口MoveFree益节 氨糖软骨素 钙片 维骨力氨基葡萄糖120粒*2,527016966632,竞品,城市,衢州市,,0.16%,0.18%
2023-02-01 ~ 2023-02-28,美国进口MoveFree益节 氨糖软骨素 钙片 维骨力氨基葡萄糖120粒*2,527016966632,竞品,城市,聊城市,,0.16%,0.17%
2023-02-01 ~ 2023-02-28,美国进口MoveFree益节 氨糖软骨素 钙片 维骨力氨基葡萄糖120粒*2,527016966632,竞品,城市,滨州市,,0.16%,0.18%
2023-02-01 ~ 2023-02-28,美国进口MoveFree益节 氨糖软骨素 钙片 维骨力氨基葡萄糖120粒*2,527016966632,竞品,城市,常德市,,0.15%,0.15%
2023-02-01 ~ 2023-02-28,美国进口MoveFree益节 氨糖软骨素 钙片 维骨力氨基葡萄糖120粒*2,527016966632,竞品,城市,佳木斯市,,0.15%,0.12%
2023-02-01 ~ 2023-02-28,美国进口MoveFree益节 氨糖软骨素 钙片 维骨力氨基葡萄糖120粒*2,527016966632,竞品,城市,承德市,,0.15%,0.12%
2023-02-01 ~ 2023-02-28,美国进口MoveFree益节 氨糖软骨素 钙片 维骨力氨基葡萄糖120粒*2,527016966632,竞品,城市,牡丹江市,,0.15%,0.18%
2023-02-01 ~ 2023-02-28,美国进口MoveFree益节 氨糖软骨素 钙片 维骨力氨基葡萄糖120粒*2,527016966632,竞品,城市,襄阳市,,0.15%,0.03%
2023-02-01 ~ 2023-02-28,美国进口MoveFree益节 氨糖软骨素 钙片 维骨力氨基葡萄糖120粒*2,527016966632,竞品,城市,商丘市,,0.15%,0.15%
2023-02-01 ~ 2023-02-28,美国进口MoveFree益节 氨糖软骨素 钙片 维骨力氨基葡萄糖120粒*2,527016966632,竞品,城市,乐山市,,0.15%,0.11%
2023-02-01 ~ 2023-02-28,美国进口MoveFree益节 氨糖软骨素 钙片 维骨力氨基葡萄糖120粒*2,527016966632,竞品,城市,菏泽市,,0.15%,0.15%
2023-02-01 ~ 2023-02-28,美国进口MoveFree益节 氨糖软骨素 钙片 维骨力氨基葡萄糖120粒*2,527016966632,竞品,城市,德阳市,,0.15%,0.18%
2023-02-01 ~ 2023-02-28,美国进口MoveFree益节 氨糖软骨素 钙片 维骨力氨基葡萄糖120粒*2,527016966632,竞品,城市,赤峰市,,0.14%,0.03%
2023-02-01 ~ 2023-02-28,美国进口MoveFree益节 氨糖软骨素 钙片 维骨力氨基葡萄糖120粒*2,527016966632,竞品,城市,许昌市,,0.14%,0.15%
2023-02-01 ~ 2023-02-28,美国进口MoveFree益节 氨糖软骨素 钙片 维骨力氨基葡萄糖120粒*2,527016966632,竞品,城市,揭阳市,,0.14%,0.15%
2023-02-01 ~ 2023-02-28,美国进口MoveFree益节 氨糖软骨素 钙片 维骨力氨基葡萄糖120粒*2,527016966632,竞品,城市,岳阳市,,0.14%,0.11%
2023-02-01 ~ 2023-02-28,美国进口MoveFree益节 氨糖软骨素 钙片 维骨力氨基葡萄糖120粒*2,527016966632,竞品,城市,湛江市,,0.14%,0.08%
2023-02-01 ~ 2023-02-28,美国进口MoveFree益节 氨糖软骨素 钙片 维骨力氨基葡萄糖120粒*2,527016966632,竞品,城市,信阳市,,0.14%,0.15%
2023-02-01 ~ 2023-02-28,美国进口MoveFree益节 氨糖软骨素 钙片 维骨力氨基葡萄糖120粒*2,527016966632,竞品,城市,盘锦市,,0.14%,0.15%
2023-02-01 ~ 2023-02-28,美国进口MoveFree益节 氨糖软骨素 钙片 维骨力氨基葡萄糖120粒*2,527016966632,竞品,城市,安阳市,,0.14%,0.03%
2023-02-01 ~ 2023-02-28,美国进口MoveFree益节 氨糖软骨素 钙片 维骨力氨基葡萄糖120粒*2,527016966632,竞品,城市,衡水市,,0.14%,0.15%
2023-02-01 ~ 2023-02-28,美国进口MoveFree益节 氨糖软骨素 钙片 维骨力氨基葡萄糖120粒*2,527016966632,竞品,城市,宝鸡市,,0.14%,0.12%
2023-02-01 ~ 2023-02-28,美国进口MoveFree益节 氨糖软骨素 钙片 维骨力氨基葡萄糖120粒*2,527016966632,竞品,城市,宁德市,,0.14%,0.11%
2023-02-01 ~ 2023-02-28,美国进口MoveFree益节 氨糖软骨素 钙片 维骨力氨基葡萄糖120粒*2,527016966632,竞品,城市,辽阳市,,0.14%,0.17%
2023-02-01 ~ 2023-02-28,美国进口MoveFree益节 氨糖软骨素 钙片 维骨力氨基葡萄糖120粒*2,527016966632,竞品,城市,湘潭市,,0.14%,0.18%
2023-02-01 ~ 2023-02-28,美国进口MoveFree益节 氨糖软骨素 钙片 维骨力氨基葡萄糖120粒*2,527016966632,竞品,城市,九江市,,0.14%,0.11%
2023-02-01 ~ 2023-02-28,美国进口MoveFree益节 氨糖软骨素 钙片 维骨力氨基葡萄糖120粒*2,527016966632,竞品,城市,长治市,,0.13%,0.08%
2023-02-01 ~ 2023-02-28,美国进口MoveFree益节 氨糖软骨素 钙片 维骨力氨基葡萄糖120粒*2,527016966632,竞品,城市,上饶市,,0.13%,0.15%
2023-02-01 ~ 2023-02-28,美国进口MoveFree益节 氨糖软骨素 钙片 维骨力氨基葡萄糖120粒*2,527016966632,竞品,城市,马鞍山市,,0.13%,0.15%
2023-02-01 ~ 2023-02-28,美国进口MoveFree益节 氨糖软骨素 钙片 维骨力氨基葡萄糖120粒*2,527016966632,竞品,城市,安庆市,,0.13%,0.11%
2023-02-01 ~ 2023-02-28,美国进口MoveFree益节 氨糖软骨素 钙片 维骨力氨基葡萄糖120粒*2,527016966632,竞品,城市,银川市,,0.13%,0.15%
2023-02-01 ~ 2023-02-28,美国进口MoveFree益节 氨糖软骨素 钙片 维骨力氨基葡萄糖120粒*2,527016966632,竞品,城市,驻马店市,,0.12%,0.02%
2023-02-01 ~ 2023-02-28,美国进口MoveFree益节 氨糖软骨素 钙片 维骨力氨基葡萄糖120粒*2,527016966632,竞品,城市,南平市,,0.12%,0.15%
2023-02-01 ~ 2023-02-28,美国进口MoveFree益节 氨糖软骨素 钙片 维骨力氨基葡萄糖120粒*2,527016966632,竞品,城市,葫芦岛市,,0.13%,0.17%
2023-02-01 ~ 2023-02-28,美国进口MoveFree益节 氨糖软骨素 钙片 维骨力氨基葡萄糖120粒*2,527016966632,竞品,城市,濮阳市,,0.12%,0.12%
2023-02-01 ~ 2023-02-28,美国进口MoveFree益节 氨糖软骨素 钙片 维骨力氨基葡萄糖120粒*2,527016966632,竞品,城市,渭南市,,0.12%,0.03%
2023-02-01 ~ 2023-02-28,美国进口MoveFree益节 氨糖软骨素 钙片 维骨力氨基葡萄糖120粒*2,527016966632,竞品,城市,淮南市,,0.12%,0.03%
2023-02-01 ~ 2023-02-28,美国进口MoveFree益节 氨糖软骨素 钙片 维骨力氨基葡萄糖120粒*2,527016966632,竞品,城市,龙岩市,,0.12%,0.03%
2023-02-01 ~ 2023-02-28,美国进口MoveFree益节 氨糖软骨素 钙片 维骨力氨基葡萄糖120粒*2,527016966632,竞品,城市,西宁市,,0.12%,0.15%
2023-02-01 ~ 2023-02-28,美国进口MoveFree益节 氨糖软骨素 钙片 维骨力氨基葡萄糖120粒*2,527016966632,竞品,城市,肇庆市,,0.12%,0.15%
2023-02-01 ~ 2023-02-28,美国进口MoveFree益节 氨糖软骨素 钙片 维骨力氨基葡萄糖120粒*2,527016966632,竞品,城市,忻州市,,0.12%,0.11%
2023-02-01 ~ 2023-02-28,美国进口MoveFree益节 氨糖软骨素 钙片 维骨力氨基葡萄糖120粒*2,527016966632,竞品,城市,宿迁市,,0.12%,0.15%
2023-02-01 ~ 2023-02-28,美国进口MoveFree益节 氨糖软骨素 钙片 维骨力氨基葡萄糖120粒*2,527016966632,竞品,城市,呼伦贝尔市,,0.12%,0.11%
2023-02-01 ~ 2023-02-28,美国进口MoveFree益节 氨糖软骨素 钙片 维骨力氨基葡萄糖120粒*2,527016966632,竞品,城市,绥化市,,0.12%,0.11%
2023-02-01 ~ 2023-02-28,美国进口MoveFree益节 氨糖软骨素 钙片 维骨力氨基葡萄糖120粒*2,527016966632,竞品,城市,滁州市,,0.12%,0.03%
2023-02-01 ~ 2023-02-28,美国进口MoveFree益节 氨糖软骨素 钙片 维骨力氨基葡萄糖120粒*2,527016966632,竞品,城市,孝感市,,0.12%,0.15%
2023-02-01 ~ 2023-02-28,美国进口MoveFree益节 氨糖软骨素 钙片 维骨力氨基葡萄糖120粒*2,527016966632,竞品,城市,吕梁市,,0.12%,0.15%
2023-02-01 ~ 2023-02-28,美国进口MoveFree益节 氨糖软骨素 钙片 维骨力氨基葡萄糖120粒*2,527016966632,竞品,城市,枣庄市,,0.12%,0.17%
2023-02-01 ~ 2023-02-28,美国进口MoveFree益节 氨糖软骨素 钙片 维骨力氨基葡萄糖120粒*2,527016966632,竞品,城市,宿州市,,0.12%,0.17%
2023-02-01 ~ 2023-02-28,美国进口MoveFree益节 氨糖软骨素 钙片 维骨力氨基葡萄糖120粒*2,527016966632,竞品,城市,铁岭市,,0.12%,0.06%
2023-02-01 ~ 2023-02-28,美国进口MoveFree益节 氨糖软骨素 钙片 维骨力氨基葡萄糖120粒*2,527016966632,竞品,城市,晋城市,,0.11%,0.15%
2023-02-01 ~ 2023-02-28,美国进口MoveFree益节 氨糖软骨素 钙片 维骨力氨基葡萄糖120粒*2,527016966632,竞品,城市,娄底市,,0.11%,0.17%
2023-02-01 ~ 2023-02-28,美国进口MoveFree益节 氨糖软骨素 钙片 维骨力氨基葡萄糖120粒*2,527016966632,竞品,城市,梅州市,,0.12%,0.12%
2023-02-01 ~ 2023-02-28,美国进口MoveFree益节 氨糖软骨素 钙片 维骨力氨基葡萄糖120粒*2,527016966632,竞品,城市,黄冈市,,0.11%,0.15%
2023-02-01 ~ 2023-02-28,美国进口MoveFree益节 氨糖软骨素 钙片 维骨力氨基葡萄糖120粒*2,527016966632,竞品,城市,黄石市,,0.11%,0.17%
2023-02-01 ~ 2023-02-28,美国进口MoveFree益节 氨糖软骨素 钙片 维骨力氨基葡萄糖120粒*2,527016966632,竞品,城市,朝阳市,,0.11%,0.17%
2023-02-01 ~ 2023-02-28,美国进口MoveFree益节 氨糖软骨素 钙片 维骨力氨基葡萄糖120粒*2,527016966632,竞品,城市,韶关市,,0.11%,0.15%
2023-02-01 ~ 2023-02-28,美国进口MoveFree益节 氨糖软骨素 钙片 维骨力氨基葡萄糖120粒*2,527016966632,竞品,城市,南充市,,0.11%,0.12%
2023-02-01 ~ 2023-02-28,美国进口MoveFree益节 氨糖软骨素 钙片 维骨力氨基葡萄糖120粒*2,527016966632,竞品,城市,潮州市,,0.11%,0.15%
2023-02-01 ~ 2023-02-28,美国进口MoveFree益节 氨糖软骨素 钙片 维骨力氨基葡萄糖120粒*2,527016966632,竞品,城市,三亚市,,0.11%,0.03%
2023-02-01 ~ 2023-02-28,美国进口MoveFree益节 氨糖软骨素 钙片 维骨力氨基葡萄糖120粒*2,527016966632,竞品,城市,通辽市,,0.11%,0.12%
2023-02-01 ~ 2023-02-28,美国进口MoveFree益节 氨糖软骨素 钙片 维骨力氨基葡萄糖120粒*2,527016966632,竞品,城市,清远市,,0.11%,0.08%
2023-02-01 ~ 2023-02-28,美国进口MoveFree益节 氨糖软骨素 钙片 维骨力氨基葡萄糖120粒*2,527016966632,竞品,城市,茂名市,,0.11%,0.08%
2023-02-01 ~ 2023-02-28,美国进口MoveFree益节 氨糖软骨素 钙片 维骨力氨基葡萄糖120粒*2,527016966632,竞品,城市,三明市,,0.11%,0.17%
2023-02-01 ~ 2023-02-28,美国进口MoveFree益节 氨糖软骨素 钙片 维骨力氨基葡萄糖120粒*2,527016966632,竞品,城市,阜新市,,0.11%,0.15%
2023-02-01 ~ 2023-02-28,美国进口MoveFree益节 氨糖软骨素 钙片 维骨力氨基葡萄糖120粒*2,527016966632,竞品,城市,邵阳市,,0.11%,0.27%
2023-02-01 ~ 2023-02-28,美国进口MoveFree益节 氨糖软骨素 钙片 维骨力氨基葡萄糖120粒*2,527016966632,竞品,城市,遵义市,,0.10%,0.11%
2023-02-01 ~ 2023-02-28,美国进口MoveFree益节 氨糖软骨素 钙片 维骨力氨基葡萄糖120粒*2,527016966632,竞品,城市,通化市,,0.11%,0.03%
2023-02-01 ~ 2023-02-28,美国进口MoveFree益节 氨糖软骨素 钙片 维骨力氨基葡萄糖120粒*2,527016966632,竞品,城市,本溪市,,0.11%,0.08%
2023-02-01 ~ 2023-02-28,美国进口MoveFree益节 氨糖软骨素 钙片 维骨力氨基葡萄糖120粒*2,527016966632,竞品,城市,宜春市,,0.10%,0.03%
2023-02-01 ~ 2023-02-28,美国进口MoveFree益节 氨糖软骨素 钙片 维骨力氨基葡萄糖120粒*2,527016966632,竞品,城市,河源市,,0.10%,0.15%
2023-02-01 ~ 2023-02-28,美国进口MoveFree益节 氨糖软骨素 钙片 维骨力氨基葡萄糖120粒*2,527016966632,竞品,城市,莆田市,,0.10%,0.03%
2023-02-01 ~ 2023-02-28,美国进口MoveFree益节 氨糖软骨素 钙片 维骨力氨基葡萄糖120粒*2,527016966632,竞品,城市,曲靖市,,0.10%,0.08%
2023-02-01 ~ 2023-02-28,美国进口MoveFree益节 氨糖软骨素 钙片 维骨力氨基葡萄糖120粒*2,527016966632,竞品,城市,宜宾市,,0.10%,0.03%
2023-02-01 ~ 2023-02-28,美国进口MoveFree益节 氨糖软骨素 钙片 维骨力氨基葡萄糖120粒*2,527016966632,竞品,城市,宣城市,,0.10%,0.03%
2023-02-01 ~ 2023-02-28,美国进口MoveFree益节 氨糖软骨素 钙片 维骨力氨基葡萄糖120粒*2,527016966632,竞品,城市,郴州市,,0.10%,0.15%
2023-02-01 ~ 2023-02-28,美国进口MoveFree益节 氨糖软骨素 钙片 维骨力氨基葡萄糖120粒*2,527016966632,竞品,城市,汕尾市,,0.10%,0.03%
2023-02-01 ~ 2023-02-28,美国进口MoveFree益节 氨糖软骨素 钙片 维骨力氨基葡萄糖120粒*2,527016966632,竞品,城市,十堰市,,0.10%,0.15%
2023-02-01 ~ 2023-02-28,美国进口MoveFree益节 氨糖软骨素 钙片 维骨力氨基葡萄糖120粒*2,527016966632,竞品,城市,阳泉市,,0.10%,0.06%
2023-02-01 ~ 2023-02-28,美国进口MoveFree益节 氨糖软骨素 钙片 维骨力氨基葡萄糖120粒*2,527016966632,竞品,城市,眉山市,,0.10%,0.15%
2023-02-01 ~ 2023-02-28,美国进口MoveFree益节 氨糖软骨素 钙片 维骨力氨基葡萄糖120粒*2,527016966632,竞品,城市,三门峡市,,0.09%,0.15%
2023-02-01 ~ 2023-02-28,美国进口MoveFree益节 氨糖软骨素 钙片 维骨力氨基葡萄糖120粒*2,527016966632,竞品,城市,鸡西市,,0.09%,0.15%
2023-02-01 ~ 2023-02-28,美国进口MoveFree益节 氨糖软骨素 钙片 维骨力氨基葡萄糖120粒*2,527016966632,竞品,城市,吉安市,,0.09%,0.15%
2023-02-01 ~ 2023-02-28,美国进口MoveFree益节 氨糖软骨素 钙片 维骨力氨基葡萄糖120粒*2,527016966632,竞品,城市,漯河市,,0.09%,0.08%
2023-02-01 ~ 2023-02-28,美国进口MoveFree益节 氨糖软骨素 钙片 维骨力氨基葡萄糖120粒*2,527016966632,竞品,城市,黄山市,,0.09%,0.15%
2023-02-01 ~ 2023-02-28,美国进口MoveFree益节 氨糖软骨素 钙片 维骨力氨基葡萄糖120粒*2,527016966632,竞品,城市,汉中市,,0.08%,0.03%
2023-02-01 ~ 2023-02-28,美国进口MoveFree益节 氨糖软骨素 钙片 维骨力氨基葡萄糖120粒*2,527016966632,竞品,城市,榆林市,,0.08%,0.06%
2023-02-01 ~ 2023-02-28,美国进口MoveFree益节 氨糖软骨素 钙片 维骨力氨基葡萄糖120粒*2,527016966632,竞品,城市,荆门市,,0.08%,0.03%
2023-02-01 ~ 2023-02-28,美国进口MoveFree益节 氨糖软骨素 钙片 维骨力氨基葡萄糖120粒*2,527016966632,竞品,城市,益阳市,,0.08%,0.03%
2023-02-01 ~ 2023-02-28,美国进口MoveFree益节 氨糖软骨素 钙片 维骨力氨基葡萄糖120粒*2,527016966632,竞品,城市,淮北市,,0.08%,0.02%
2023-02-01 ~ 2023-02-28,美国进口MoveFree益节 氨糖软骨素 钙片 维骨力氨基葡萄糖120粒*2,527016966632,竞品,城市,泸州市,,0.08%,0.15%
2023-02-01 ~ 2023-02-28,美国进口MoveFree益节 氨糖软骨素 钙片 维骨力氨基葡萄糖120粒*2,527016966632,竞品,城市,双鸭山市,,0.08%,0.08%
2023-02-01 ~ 2023-02-28,美国进口MoveFree益节 氨糖软骨素 钙片 维骨力氨基葡萄糖120粒*2,527016966632,竞品,城市,达州市,,0.08%,0.03%
2023-02-01 ~ 2023-02-28,美国进口MoveFree益节 氨糖软骨素 钙片 维骨力氨基葡萄糖120粒*2,527016966632,竞品,城市,永州市,,0.08%,0.17%
2023-02-01 ~ 2023-02-28,美国进口MoveFree益节 氨糖软骨素 钙片 维骨力氨基葡萄糖120粒*2,527016966632,竞品,城市,亳州市,,0.08%,0.15%
2023-02-01 ~ 2023-02-28,美国进口MoveFree益节 氨糖软骨素 钙片 维骨力氨基葡萄糖120粒*2,527016966632,竞品,城市,红河哈尼族彝族自治州,,0.08%,0.06%
2023-02-01 ~ 2023-02-28,美国进口MoveFree益节 氨糖软骨素 钙片 维骨力氨基葡萄糖120粒*2,527016966632,竞品,城市,四平市,,0.08%,0.08%
2023-02-01 ~ 2023-02-28,美国进口MoveFree益节 氨糖软骨素 钙片 维骨力氨基葡萄糖120粒*2,527016966632,竞品,城市,怀化市,,0.07%,0.15%
2023-02-01 ~ 2023-02-28,美国进口MoveFree益节 氨糖软骨素 钙片 维骨力氨基葡萄糖120粒*2,527016966632,竞品,城市,萍乡市,,0.08%,0.15%
2023-02-01 ~ 2023-02-28,美国进口MoveFree益节 氨糖软骨素 钙片 维骨力氨基葡萄糖120粒*2,527016966632,竞品,城市,六安市,,0.08%,0.03%
2023-02-01 ~ 2023-02-28,美国进口MoveFree益节 氨糖软骨素 钙片 维骨力氨基葡萄糖120粒*2,527016966632,竞品,城市,自贡市,,0.07%,0.08%
2023-02-01 ~ 2023-02-28,美国进口MoveFree益节 氨糖软骨素 钙片 维骨力氨基葡萄糖120粒*2,527016966632,竞品,城市,抚州市,,0.07%,0.06%
2023-02-01 ~ 2023-02-28,美国进口MoveFree益节 氨糖软骨素 钙片 维骨力氨基葡萄糖120粒*2,527016966632,竞品,城市,北海市,,0.07%,0.06%
2023-02-01 ~ 2023-02-28,美国进口MoveFree益节 氨糖软骨素 钙片 维骨力氨基葡萄糖120粒*2,527016966632,竞品,城市,玉溪市,,0.07%,0.03%
2023-02-01 ~ 2023-02-28,美国进口MoveFree益节 氨糖软骨素 钙片 维骨力氨基葡萄糖120粒*2,527016966632,竞品,城市,松原市,,0.07%,0.02%
2023-02-01 ~ 2023-02-28,美国进口MoveFree益节 氨糖软骨素 钙片 维骨力氨基葡萄糖120粒*2,527016966632,竞品,城市,内江市,,0.07%,0.08%
2023-02-01 ~ 2023-02-28,美国进口MoveFree益节 氨糖软骨素 钙片 维骨力氨基葡萄糖120粒*2,527016966632,竞品,城市,大理白族自治州,,0.07%,0.08%
2023-02-01 ~ 2023-02-28,美国进口MoveFree益节 氨糖软骨素 钙片 维骨力氨基葡萄糖120粒*2,527016966632,竞品,城市,鄂尔多斯市,,0.07%,0.06%
2023-02-01 ~ 2023-02-28,美国进口MoveFree益节 氨糖软骨素 钙片 维骨力氨基葡萄糖120粒*2,527016966632,竞品,城市,梧州市,,0.06%,0.06%
2023-02-01 ~ 2023-02-28,美国进口MoveFree益节 氨糖软骨素 钙片 维骨力氨基葡萄糖120粒*2,527016966632,竞品,城市,凉山彝族自治州,,0.06%,0.15%
2023-02-01 ~ 2023-02-28,美国进口MoveFree益节 氨糖软骨素 钙片 维骨力氨基葡萄糖120粒*2,527016966632,竞品,城市,黑河市,,0.06%,0.06%
2023-02-01 ~ 2023-02-28,美国进口MoveFree益节 氨糖软骨素 钙片 维骨力氨基葡萄糖120粒*2,527016966632,竞品,城市,朔州市,,0.06%,0.03%
2023-02-01 ~ 2023-02-28,美国进口MoveFree益节 氨糖软骨素 钙片 维骨力氨基葡萄糖120粒*2,527016966632,竞品,城市,景德镇市,,0.06%,0.08%
2023-02-01 ~ 2023-02-28,美国进口MoveFree益节 氨糖软骨素 钙片 维骨力氨基葡萄糖120粒*2,527016966632,竞品,城市,阳江市,,0.07%,0.02%
2023-02-01 ~ 2023-02-28,美国进口MoveFree益节 氨糖软骨素 钙片 维骨力氨基葡萄糖120粒*2,527016966632,竞品,城市,锡林郭勒盟,,0.07%,0.08%
2023-02-01 ~ 2023-02-28,美国进口MoveFree益节 氨糖软骨素 钙片 维骨力氨基葡萄糖120粒*2,527016966632,竞品,城市,白城市,,0.06%,0.03%
2023-02-01 ~ 2023-02-28,美国进口MoveFree益节 氨糖软骨素 钙片 维骨力氨基葡萄糖120粒*2,527016966632,竞品,城市,天水市,,0.06%,0.06%
2023-02-01 ~ 2023-02-28,美国进口MoveFree益节 氨糖软骨素 钙片 维骨力氨基葡萄糖120粒*2,527016966632,竞品,城市,玉林市,,0.06%,0.03%
2023-02-01 ~ 2023-02-28,美国进口MoveFree益节 氨糖软骨素 钙片 维骨力氨基葡萄糖120粒*2,527016966632,竞品,城市,鹤岗市,,0.06%,0.06%
2023-02-01 ~ 2023-02-28,美国进口MoveFree益节 氨糖软骨素 钙片 维骨力氨基葡萄糖120粒*2,527016966632,竞品,城市,乌兰察布市,,0.06%,0.06%
2023-02-01 ~ 2023-02-28,美国进口MoveFree益节 氨糖软骨素 钙片 维骨力氨基葡萄糖120粒*2,527016966632,竞品,城市,恩施土家族苗族自治州,,0.06%,0.08%
2023-02-01 ~ 2023-02-28,美国进口MoveFree益节 氨糖软骨素 钙片 维骨力氨基葡萄糖120粒*2,527016966632,竞品,城市,雅安市,,0.06%,0.06%
2023-02-01 ~ 2023-02-28,美国进口MoveFree益节 氨糖软骨素 钙片 维骨力氨基葡萄糖120粒*2,527016966632,竞品,城市,伊春市,,0.06%,0.03%
2023-02-01 ~ 2023-02-28,美国进口MoveFree益节 氨糖软骨素 钙片 维骨力氨基葡萄糖120粒*2,527016966632,竞品,城市,伊犁哈萨克自治州,,0.05%,0.06%
2023-02-01 ~ 2023-02-28,美国进口MoveFree益节 氨糖软骨素 钙片 维骨力氨基葡萄糖120粒*2,527016966632,竞品,城市,鹤壁市,,0.05%,0.03%
2023-02-01 ~ 2023-02-28,美国进口MoveFree益节 氨糖软骨素 钙片 维骨力氨基葡萄糖120粒*2,527016966632,竞品,城市,攀枝花市,,0.05%,0.03%
2023-02-01 ~ 2023-02-28,美国进口MoveFree益节 氨糖软骨素 钙片 维骨力氨基葡萄糖120粒*2,527016966632,竞品,城市,铜陵市,,0.05%,0.02%
2023-02-01 ~ 2023-02-28,美国进口MoveFree益节 氨糖软骨素 钙片 维骨力氨基葡萄糖120粒*2,527016966632,竞品,城市,咸宁市,,0.05%,0.03%
2023-02-01 ~ 2023-02-28,美国进口MoveFree益节 氨糖软骨素 钙片 维骨力氨基葡萄糖120粒*2,527016966632,竞品,城市,克拉玛依市,,0.05%,0.02%
2023-02-01 ~ 2023-02-28,美国进口MoveFree益节 氨糖软骨素 钙片 维骨力氨基葡萄糖120粒*2,527016966632,竞品,城市,随州市,,0.05%,0.02%
2023-02-01 ~ 2023-02-28,美国进口MoveFree益节 氨糖软骨素 钙片 维骨力氨基葡萄糖120粒*2,527016966632,竞品,城市,安顺市,,0.05%,0.06%
2023-02-01 ~ 2023-02-28,美国进口MoveFree益节 氨糖软骨素 钙片 维骨力氨基葡萄糖120粒*2,527016966632,竞品,城市,云浮市,,0.05%,0.02%
2023-02-01 ~ 2023-02-28,美国进口MoveFree益节 氨糖软骨素 钙片 维骨力氨基葡萄糖120粒*2,527016966632,竞品,城市,广元市,,0.05%,0.02%
2023-02-01 ~ 2023-02-28,美国进口MoveFree益节 氨糖软骨素 钙片 维骨力氨基葡萄糖120粒*2,527016966632,竞品,城市,遂宁市,,0.05%,0.03%
2023-02-01 ~ 2023-02-28,美国进口MoveFree益节 氨糖软骨素 钙片 维骨力氨基葡萄糖120粒*2,527016966632,竞品,城市,贵港市,,0.05%,0.03%
2023-02-01 ~ 2023-02-28,美国进口MoveFree益节 氨糖软骨素 钙片 维骨力氨基葡萄糖120粒*2,527016966632,竞品,城市,广安市,,0.05%,0.03%
2023-02-01 ~ 2023-02-28,美国进口MoveFree益节 氨糖软骨素 钙片 维骨力氨基葡萄糖120粒*2,527016966632,竞品,城市,白山市,,0.05%,0.03%
2023-02-01 ~ 2023-02-28,美国进口MoveFree益节 氨糖软骨素 钙片 维骨力氨基葡萄糖120粒*2,527016966632,竞品,城市,辽源市,,0.05%,0.03%
2023-02-01 ~ 2023-02-28,美国进口MoveFree益节 氨糖软骨素 钙片 维骨力氨基葡萄糖120粒*2,527016966632,竞品,城市,巴彦淖尔市,,0.04%,0.03%
2023-02-01 ~ 2023-02-28,美国进口MoveFree益节 氨糖软骨素 钙片 维骨力氨基葡萄糖120粒*2,527016966632,竞品,城市,鄂州市,,0.04%,0.06%
2023-02-01 ~ 2023-02-28,美国进口MoveFree益节 氨糖软骨素 钙片 维骨力氨基葡萄糖120粒*2,527016966632,竞品,城市,酒泉市,,0.05%,0.03%
2023-02-01 ~ 2023-02-28,美国进口MoveFree益节 氨糖软骨素 钙片 维骨力氨基葡萄糖120粒*2,527016966632,竞品,城市,池州市,,0.05%,0.17%
2023-02-01 ~ 2023-02-28,美国进口MoveFree益节 氨糖软骨素 钙片 维骨力氨基葡萄糖120粒*2,527016966632,竞品,城市,黔东南苗族侗族自治州,,0.04%,0.02%
2023-02-01 ~ 2023-02-28,美国进口MoveFree益节 氨糖软骨素 钙片 维骨力氨基葡萄糖120粒*2,527016966632,竞品,城市,楚雄彝族自治州,,0.04%,0.02%
2023-02-01 ~ 2023-02-28,美国进口MoveFree益节 氨糖软骨素 钙片 维骨力氨基葡萄糖120粒*2,527016966632,竞品,城市,安康市,,0.04%,0.02%
2023-02-01 ~ 2023-02-28,美国进口MoveFree益节 氨糖软骨素 钙片 维骨力氨基葡萄糖120粒*2,527016966632,竞品,城市,资阳市,,0.04%,0.06%
2023-02-01 ~ 2023-02-28,美国进口MoveFree益节 氨糖软骨素 钙片 维骨力氨基葡萄糖120粒*2,527016966632,竞品,城市,毕节市,,0.04%,0.03%
2023-02-01 ~ 2023-02-28,美国进口MoveFree益节 氨糖软骨素 钙片 维骨力氨基葡萄糖120粒*2,527016966632,竞品,城市,黔南布依族苗族自治州,,0.04%,0.02%
2023-02-01 ~ 2023-02-28,美国进口MoveFree益节 氨糖软骨素 钙片 维骨力氨基葡萄糖120粒*2,527016966632,竞品,城市,延安市,,0.04%,0.06%
2023-02-01 ~ 2023-02-28,美国进口MoveFree益节 氨糖软骨素 钙片 维骨力氨基葡萄糖120粒*2,527016966632,竞品,城市,黔西南布依族苗族自治州,,0.04%,0.15%
2023-02-01 ~ 2023-02-28,美国进口MoveFree益节 氨糖软骨素 钙片 维骨力氨基葡萄糖120粒*2,527016966632,竞品,城市,大兴安岭地区,,0.04%,0.03%
2023-02-01 ~ 2023-02-28,美国进口MoveFree益节 氨糖软骨素 钙片 维骨力氨基葡萄糖120粒*2,527016966632,竞品,城市,钦州市,,0.04%,0.06%
2023-02-01 ~ 2023-02-28,美国进口MoveFree益节 氨糖软骨素 钙片 维骨力氨基葡萄糖120粒*2,527016966632,竞品,城市,昭通市,,0.04%,0.02%
2023-02-01 ~ 2023-02-28,美国进口MoveFree益节 氨糖软骨素 钙片 维骨力氨基葡萄糖120粒*2,527016966632,竞品,城市,庆阳市,,0.04%,0.06%
2023-02-01 ~ 2023-02-28,美国进口MoveFree益节 氨糖软骨素 钙片 维骨力氨基葡萄糖120粒*2,527016966632,竞品,城市,百色市,,0.04%,0.02%
2023-02-01 ~ 2023-02-28,美国进口MoveFree益节 氨糖软骨素 钙片 维骨力氨基葡萄糖120粒*2,527016966632,竞品,城市,新余市,,0.04%,0.08%
2023-02-01 ~ 2023-02-28,美国进口MoveFree益节 氨糖软骨素 钙片 维骨力氨基葡萄糖120粒*2,527016966632,竞品,城市,巴中市,,0.04%,0.06%
2023-02-01 ~ 2023-02-28,美国进口MoveFree益节 氨糖软骨素 钙片 维骨力氨基葡萄糖120粒*2,527016966632,竞品,城市,河池市,,0.03%,0.06%
2023-02-01 ~ 2023-02-28,美国进口MoveFree益节 氨糖软骨素 钙片 维骨力氨基葡萄糖120粒*2,527016966632,竞品,城市,湘西土家族苗族自治州,,0.04%,0.06%
2023-02-01 ~ 2023-02-28,美国进口MoveFree益节 氨糖软骨素 钙片 维骨力氨基葡萄糖120粒*2,527016966632,竞品,城市,巴音郭楞蒙古自治州,,0.04%,0.03%
2023-02-01 ~ 2023-02-28,美国进口MoveFree益节 氨糖软骨素 钙片 维骨力氨基葡萄糖120粒*2,527016966632,竞品,城市,张掖市,,0.04%,0.02%
2023-02-01 ~ 2023-02-28,美国进口MoveFree益节 氨糖软骨素 钙片 维骨力氨基葡萄糖120粒*2,527016966632,竞品,城市,平凉市,,0.04%,0.08%
2023-02-01 ~ 2023-02-28,美国进口MoveFree益节 氨糖软骨素 钙片 维骨力氨基葡萄糖120粒*2,527016966632,竞品,城市,乌海市,,0.04%,0.03%
2023-02-01 ~ 2023-02-28,美国进口MoveFree益节 氨糖软骨素 钙片 维骨力氨基葡萄糖120粒*2,527016966632,竞品,城市,昌吉回族自治州,,0.03%,0.06%
2023-02-01 ~ 2023-02-28,美国进口MoveFree益节 氨糖软骨素 钙片 维骨力氨基葡萄糖120粒*2,527016966632,竞品,城市,六盘水市,,0.03%,0.02%
2023-02-01 ~ 2023-02-28,美国进口MoveFree益节 氨糖软骨素 钙片 维骨力氨基葡萄糖120粒*2,527016966632,竞品,城市,白银市,,0.03%,0.02%
2023-02-01 ~ 2023-02-28,美国进口MoveFree益节 氨糖软骨素 钙片 维骨力氨基葡萄糖120粒*2,527016966632,竞品,城市,西双版纳傣族自治州,,0.03%,0.08%
2023-02-01 ~ 2023-02-28,美国进口MoveFree益节 氨糖软骨素 钙片 维骨力氨基葡萄糖120粒*2,527016966632,竞品,城市,武威市,,0.03%,0.06%
2023-02-01 ~ 2023-02-28,美国进口MoveFree益节 氨糖软骨素 钙片 维骨力氨基葡萄糖120粒*2,527016966632,竞品,城市,兴安盟,,0.03%,0.03%
2023-02-01 ~ 2023-02-28,美国进口MoveFree益节 氨糖软骨素 钙片 维骨力氨基葡萄糖120粒*2,527016966632,竞品,城市,拉萨市,,0.03%,0.03%
2023-02-01 ~ 2023-02-28,美国进口MoveFree益节 氨糖软骨素 钙片 维骨力氨基葡萄糖120粒*2,527016966632,竞品,城市,丽江市,,0.03%,0.06%
2023-02-01 ~ 2023-02-28,美国进口MoveFree益节 氨糖软骨素 钙片 维骨力氨基葡萄糖120粒*2,527016966632,竞品,城市,德宏傣族景颇族自治州,,0.03%,0.06%
2023-02-01 ~ 2023-02-28,美国进口MoveFree益节 氨糖软骨素 钙片 维骨力氨基葡萄糖120粒*2,527016966632,竞品,城市,鹰潭市,,0.03%,0.03%
2023-02-01 ~ 2023-02-28,美国进口MoveFree益节 氨糖软骨素 钙片 维骨力氨基葡萄糖120粒*2,527016966632,竞品,城市,贺州市,,0.03%,0.02%
2023-02-01 ~ 2023-02-28,美国进口MoveFree益节 氨糖软骨素 钙片 维骨力氨基葡萄糖120粒*2,527016966632,竞品,城市,阿克苏地区,,0.03%,0.02%
2023-02-01 ~ 2023-02-28,美国进口MoveFree益节 氨糖软骨素 钙片 维骨力氨基葡萄糖120粒*2,527016966632,竞品,城市,七台河市,,0.03%,0.02%
2023-02-01 ~ 2023-02-28,美国进口MoveFree益节 氨糖软骨素 钙片 维骨力氨基葡萄糖120粒*2,527016966632,竞品,城市,普洱市,,0.02%,0.06%
2023-02-01 ~ 2023-02-28,美国进口MoveFree益节 氨糖软骨素 钙片 维骨力氨基葡萄糖120粒*2,527016966632,竞品,城市,定西市,,0.02%,0.06%
2023-02-01 ~ 2023-02-28,美国进口MoveFree益节 氨糖软骨素 钙片 维骨力氨基葡萄糖120粒*2,527016966632,竞品,城市,崇左市,,0.03%,0.03%
2023-02-01 ~ 2023-02-28,美国进口MoveFree益节 氨糖软骨素 钙片 维骨力氨基葡萄糖120粒*2,527016966632,竞品,城市,喀什地区,,0.02%,0.02%
2023-02-01 ~ 2023-02-28,美国进口MoveFree益节 氨糖软骨素 钙片 维骨力氨基葡萄糖120粒*2,527016966632,竞品,城市,铜仁市,,0.02%,0.06%
2023-02-01 ~ 2023-02-28,美国进口MoveFree益节 氨糖软骨素 钙片 维骨力氨基葡萄糖120粒*2,527016966632,竞品,城市,陇南市,,0.03%,0.02%
2023-02-01 ~ 2023-02-28,美国进口MoveFree益节 氨糖软骨素 钙片 维骨力氨基葡萄糖120粒*2,527016966632,竞品,城市,保山市,,0.02%,0.06%
2023-02-01 ~ 2023-02-28,美国进口MoveFree益节 氨糖软骨素 钙片 维骨力氨基葡萄糖120粒*2,527016966632,竞品,城市,张家界市,,0.02%,0.03%
2023-02-01 ~ 2023-02-28,美国进口MoveFree益节 氨糖软骨素 钙片 维骨力氨基葡萄糖120粒*2,527016966632,竞品,城市,商洛市,,0.02%,0.02%
2023-02-01 ~ 2023-02-28,美国进口MoveFree益节 氨糖软骨素 钙片 维骨力氨基葡萄糖120粒*2,527016966632,竞品,城市,防城港市,,0.03%,0.03%
2023-02-01 ~ 2023-02-28,美国进口MoveFree益节 氨糖软骨素 钙片 维骨力氨基葡萄糖120粒*2,527016966632,竞品,城市,来宾市,,0.03%,0.06%
2023-02-01 ~ 2023-02-28,美国进口MoveFree益节 氨糖软骨素 钙片 维骨力氨基葡萄糖120粒*2,527016966632,竞品,城市,铜川市,,0.02%,0.06%
2023-02-01 ~ 2023-02-28,美国进口MoveFree益节 氨糖软骨素 钙片 维骨力氨基葡萄糖120粒*2,527016966632,竞品,城市,甘孜藏族自治州,,0.02%,0.06%
2023-02-01 ~ 2023-02-28,美国进口MoveFree益节 氨糖软骨素 钙片 维骨力氨基葡萄糖120粒*2,527016966632,竞品,城市,吴忠市,,0.02%,0.06%
2023-02-01 ~ 2023-02-28,美国进口MoveFree益节 氨糖软骨素 钙片 维骨力氨基葡萄糖120粒*2,527016966632,竞品,城市,临沧市,,0.02%,0.03%
2023-02-01 ~ 2023-02-28,美国进口MoveFree益节 氨糖软骨素 钙片 维骨力氨基葡萄糖120粒*2,527016966632,竞品,城市,石嘴山市,,0.02%,0.02%
2023-02-01 ~ 2023-02-28,美国进口MoveFree益节 氨糖软骨素 钙片 维骨力氨基葡萄糖120粒*2,527016966632,竞品,城市,嘉峪关市,,0.02%,0.02%
2023-02-01 ~ 2023-02-28,美国进口MoveFree益节 氨糖软骨素 钙片 维骨力氨基葡萄糖120粒*2,527016966632,竞品,城市,哈密市,,0.02%,0.02%
2023-02-01 ~ 2023-02-28,美国进口MoveFree益节 氨糖软骨素 钙片 维骨力氨基葡萄糖120粒*2,527016966632,竞品,城市,文山壮族苗族自治州,,0.02%,0.06%
2023-02-01 ~ 2023-02-28,美国进口MoveFree益节 氨糖软骨素 钙片 维骨力氨基葡萄糖120粒*2,527016966632,竞品,城市,金昌市,,0.02%,0.03%
2023-02-01 ~ 2023-02-28,美国进口MoveFree益节 氨糖软骨素 钙片 维骨力氨基葡萄糖120粒*2,527016966632,竞品,城市,固原市,,0.02%,0.03%
2023-02-01 ~ 2023-02-28,美国进口MoveFree益节 氨糖软骨素 钙片 维骨力氨基葡萄糖120粒*2,527016966632,竞品,城市,阿拉善盟,,0.01%,0.03%
2023-02-01 ~ 2023-02-28,美国进口MoveFree益节 氨糖软骨素 钙片 维骨力氨基葡萄糖120粒*2,527016966632,竞品,城市,海东市,,0.01%,0.06%
2023-02-01 ~ 2023-02-28,美国进口MoveFree益节 氨糖软骨素 钙片 维骨力氨基葡萄糖120粒*2,527016966632,竞品,城市,塔城地区,,0.01%,0.06%
2023-02-01 ~ 2023-02-28,美国进口MoveFree益节 氨糖软骨素 钙片 维骨力氨基葡萄糖120粒*2,527016966632,竞品,城市,临夏回族自治州,,0.01%,0.06%
2023-02-01 ~ 2023-02-28,美国进口MoveFree益节 氨糖软骨素 钙片 维骨力氨基葡萄糖120粒*2,527016966632,竞品,城市,阿勒泰地区,,0.01%,0.02%
2023-02-01 ~ 2023-02-28,美国进口MoveFree益节 氨糖软骨素 钙片 维骨力氨基葡萄糖120粒*2,527016966632,竞品,城市,阿坝藏族羌族自治州,,0.01%,0.06%
2023-02-01 ~ 2023-02-28,美国进口MoveFree益节 氨糖软骨素 钙片 维骨力氨基葡萄糖120粒*2,527016966632,竞品,城市,中卫市,,0.01%,0.06%
2023-02-01 ~ 2023-02-28,美国进口MoveFree益节 氨糖软骨素 钙片 维骨力氨基葡萄糖120粒*2,527016966632,竞品,城市,海西蒙古族藏族自治州,,0.01%,0.06%
2023-02-01 ~ 2023-02-28,美国进口MoveFree益节 氨糖软骨素 钙片 维骨力氨基葡萄糖120粒*2,527016966632,竞品,城市,甘南藏族自治州,,0.01%,0.06%
2023-02-01 ~ 2023-02-28,美国进口MoveFree益节 氨糖软骨素 钙片 维骨力氨基葡萄糖120粒*2,527016966632,竞品,城市,和田地区,,0.01%,0.02%
2023-02-01 ~ 2023-02-28,美国进口MoveFree益节 氨糖软骨素 钙片 维骨力氨基葡萄糖120粒*2,527016966632,竞品,城市,博尔塔拉蒙古自治州,,0.01%,0.02%
2023-02-01 ~ 2023-02-28,美国进口MoveFree益节 氨糖软骨素 钙片 维骨力氨基葡萄糖120粒*2,527016966632,竞品,城市,海南藏族自治州,,0.01%,0.02%
2023-02-01 ~ 2023-02-28,美国进口MoveFree益节 氨糖软骨素 钙片 维骨力氨基葡萄糖120粒*2,527016966632,竞品,城市,迪庆藏族自治州,,0.01%,0.02%
2023-02-01 ~ 2023-02-28,美国进口MoveFree益节 氨糖软骨素 钙片 维骨力氨基葡萄糖120粒*2,527016966632,竞品,城市,玉树藏族自治州,,0.00%,0.06%
2023-02-01 ~ 2023-02-28,美国进口MoveFree益节 氨糖软骨素 钙片 维骨力氨基葡萄糖120粒*2,527016966632,竞品,城市,日喀则市,,0.00%,0.06%
2023-02-01 ~ 2023-02-28,美国进口MoveFree益节 氨糖软骨素 钙片 维骨力氨基葡萄糖120粒*2,527016966632,竞品,城市,吐鲁番市,,0.00%,0.06%
2023-02-01 ~ 2023-02-28,美国进口MoveFree益节 氨糖软骨素 钙片 维骨力氨基葡萄糖120粒*2,527016966632,竞品,城市,怒江傈僳族自治州,,0.00%,0.06%
2023-02-01 ~ 2023-02-28,美国进口MoveFree益节 氨糖软骨素 钙片 维骨力氨基葡萄糖120粒*2,527016966632,竞品,城市,山南市,,0.00%,0.03%
2023-02-01 ~ 2023-02-28,美国进口MoveFree益节 氨糖软骨素 钙片 维骨力氨基葡萄糖120粒*2,527016966632,竞品,城市,黄南藏族自治州,,0.00%,0.02%
2023-02-01 ~ 2023-02-28,美国进口MoveFree益节 氨糖软骨素 钙片 维骨力氨基葡萄糖120粒*2,527016966632,竞品,城市,海北藏族自治州,,0.00%,0.02%
2023-02-01 ~ 2023-02-28,美国进口MoveFree益节 氨糖软骨素 钙片 维骨力氨基葡萄糖120粒*2,527016966632,竞品,城市,果洛藏族自治州,,0.00%,0.06%
2023-02-01 ~ 2023-02-28,美国进口MoveFree益节 氨糖软骨素 钙片 维骨力氨基葡萄糖120粒*2,527016966632,竞品,城市,昌都市,,0.00%,0.06%
2023-02-01 ~ 2023-02-28,美国进口MoveFree益节 氨糖软骨素 钙片 维骨力氨基葡萄糖120粒*2,527016966632,竞品,城市,新界,,0.00%,0.06%
2023-02-01 ~ 2023-02-28,美国进口MoveFree益节 氨糖软骨素 钙片 维骨力氨基葡萄糖120粒*2,527016966632,竞品,城市,澳门半岛,,0.00%,0.06%
2023-02-01 ~ 2023-02-28,美国进口MoveFree益节 氨糖软骨素 钙片 维骨力氨基葡萄糖120粒*2,527016966632,竞品,城市,香港岛,,0.00%,0.06%
2023-02-01 ~ 2023-02-28,美国进口MoveFree益节 氨糖软骨素 钙片 维骨力氨基葡萄糖120粒*2,527016966632,竞品,城市,克孜勒苏柯尔克孜自治州,,0.00%,0.06%
2023-02-01 ~ 2023-02-28,美国进口MoveFree益节 氨糖软骨素 钙片 维骨力氨基葡萄糖120粒*2,527016966632,竞品,城市,那曲市,,0.00%,0.02%
2023-02-01 ~ 2023-02-28,美国进口MoveFree益节 氨糖软骨素 钙片 维骨力氨基葡萄糖120粒*2,527016966632,竞品,城市,林芝市,,0.00%,0.06%
2023-02-01 ~ 2023-02-28,美国进口MoveFree益节 氨糖软骨素 钙片 维骨力氨基葡萄糖120粒*2,527016966632,竞品,城市,台北市,,0.00%,0.06%
2023-02-01 ~ 2023-02-28,美国进口MoveFree益节 氨糖软骨素 钙片 维骨力氨基葡萄糖120粒*2,527016966632,竞品,城市,雪邦,,0.00%,0.06%
2023-02-01 ~ 2023-02-28,美国进口MoveFree益节 氨糖软骨素 钙片 维骨力氨基葡萄糖120粒*2,527016966632,竞品,省份,广东省,,10.25%,10.02%
2023-02-01 ~ 2023-02-28,美国进口MoveFree益节 氨糖软骨素 钙片 维骨力氨基葡萄糖120粒*2,527016966632,竞品,省份,上海,,9.96%,13.02%
2023-02-01 ~ 2023-02-28,美国进口MoveFree益节 氨糖软骨素 钙片 维骨力氨基葡萄糖120粒*2,527016966632,竞品,省份,江苏省,,8.40%,9.48%
2023-02-01 ~ 2023-02-28,美国进口MoveFree益节 氨糖软骨素 钙片 维骨力氨基葡萄糖120粒*2,527016966632,竞品,省份,浙江省,,7.74%,9.23%
2023-02-01 ~ 2023-02-28,美国进口MoveFree益节 氨糖软骨素 钙片 维骨力氨基葡萄糖120粒*2,527016966632,竞品,省份,北京,,6.13%,7.49%
2023-02-01 ~ 2023-02-28,美国进口MoveFree益节 氨糖软骨素 钙片 维骨力氨基葡萄糖120粒*2,527016966632,竞品,省份,山东省,,6.11%,6.30%
2023-02-01 ~ 2023-02-28,美国进口MoveFree益节 氨糖软骨素 钙片 维骨力氨基葡萄糖120粒*2,527016966632,竞品,省份,辽宁省,,4.32%,3.33%
2023-02-01 ~ 2023-02-28,美国进口MoveFree益节 氨糖软骨素 钙片 维骨力氨基葡萄糖120粒*2,527016966632,竞品,省份,四川省,,4.22%,4.78%
2023-02-01 ~ 2023-02-28,美国进口MoveFree益节 氨糖软骨素 钙片 维骨力氨基葡萄糖120粒*2,527016966632,竞品,省份,河南省,,3.86%,3.54%
2023-02-01 ~ 2023-02-28,美国进口MoveFree益节 氨糖软骨素 钙片 维骨力氨基葡萄糖120粒*2,527016966632,竞品,省份,河北省,,3.48%,2.65%
2023-02-01 ~ 2023-02-28,美国进口MoveFree益节 氨糖软骨素 钙片 维骨力氨基葡萄糖120粒*2,527016966632,竞品,省份,湖北省,,3.09%,2.68%
2023-02-01 ~ 2023-02-28,美国进口MoveFree益节 氨糖软骨素 钙片 维骨力氨基葡萄糖120粒*2,527016966632,竞品,省份,福建省,,3.01%,2.65%
2023-02-01 ~ 2023-02-28,美国进口MoveFree益节 氨糖软骨素 钙片 维骨力氨基葡萄糖120粒*2,527016966632,竞品,省份,未知,,2.88%,0.39%
2023-02-01 ~ 2023-02-28,美国进口MoveFree益节 氨糖软骨素 钙片 维骨力氨基葡萄糖120粒*2,527016966632,竞品,省份,湖南省,,2.65%,2.69%
2023-02-01 ~ 2023-02-28,美国进口MoveFree益节 氨糖软骨素 钙片 维骨力氨基葡萄糖120粒*2,527016966632,竞品,省份,天津,,2.61%,2.35%
2023-02-01 ~ 2023-02-28,美国进口MoveFree益节 氨糖软骨素 钙片 维骨力氨基葡萄糖120粒*2,527016966632,竞品,省份,安徽省,,2.58%,2.40%
2023-02-01 ~ 2023-02-28,美国进口MoveFree益节 氨糖软骨素 钙片 维骨力氨基葡萄糖120粒*2,527016966632,竞品,省份,黑龙江省,,2.37%,2.09%
2023-02-01 ~ 2023-02-28,美国进口MoveFree益节 氨糖软骨素 钙片 维骨力氨基葡萄糖120粒*2,527016966632,竞品,省份,陕西省,,2.20%,2.18%
2023-02-01 ~ 2023-02-28,美国进口MoveFree益节 氨糖软骨素 钙片 维骨力氨基葡萄糖120粒*2,527016966632,竞品,省份,山西省,,2.16%,1.79%
2023-02-01 ~ 2023-02-28,美国进口MoveFree益节 氨糖软骨素 钙片 维骨力氨基葡萄糖120粒*2,527016966632,竞品,省份,重庆,,1.91%,1.79%
2023-02-01 ~ 2023-02-28,美国进口MoveFree益节 氨糖软骨素 钙片 维骨力氨基葡萄糖120粒*2,527016966632,竞品,省份,吉林省,,1.66%,1.53%
2023-02-01 ~ 2023-02-28,美国进口MoveFree益节 氨糖软骨素 钙片 维骨力氨基葡萄糖120粒*2,527016966632,竞品,省份,云南省,,1.54%,1.41%
2023-02-01 ~ 2023-02-28,美国进口MoveFree益节 氨糖软骨素 钙片 维骨力氨基葡萄糖120粒*2,527016966632,竞品,省份,江西省,,1.46%,1.30%
2023-02-01 ~ 2023-02-28,美国进口MoveFree益节 氨糖软骨素 钙片 维骨力氨基葡萄糖120粒*2,527016966632,竞品,省份,广西壮族自治区,,1.36%,0.88%
2023-02-01 ~ 2023-02-28,美国进口MoveFree益节 氨糖软骨素 钙片 维骨力氨基葡萄糖120粒*2,527016966632,竞品,省份,内蒙古自治区,,1.18%,1.13%
2023-02-01 ~ 2023-02-28,美国进口MoveFree益节 氨糖软骨素 钙片 维骨力氨基葡萄糖120粒*2,527016966632,竞品,省份,贵州省,,0.83%,0.94%
2023-02-01 ~ 2023-02-28,美国进口MoveFree益节 氨糖软骨素 钙片 维骨力氨基葡萄糖120粒*2,527016966632,竞品,省份,甘肃省,,0.75%,0.60%
2023-02-01 ~ 2023-02-28,美国进口MoveFree益节 氨糖软骨素 钙片 维骨力氨基葡萄糖120粒*2,527016966632,竞品,省份,新疆维吾尔自治区,,0.51%,0.46%
2023-02-01 ~ 2023-02-28,美国进口MoveFree益节 氨糖软骨素 钙片 维骨力氨基葡萄糖120粒*2,527016966632,竞品,省份,海南省,,0.38%,0.46%
2023-02-01 ~ 2023-02-28,美国进口MoveFree益节 氨糖软骨素 钙片 维骨力氨基葡萄糖120粒*2,527016966632,竞品,省份,宁夏回族自治区,,0.19%,0.19%
2023-02-01 ~ 2023-02-28,美国进口MoveFree益节 氨糖软骨素 钙片 维骨力氨基葡萄糖120粒*2,527016966632,竞品,省份,青海省,,0.16%,0.20%
2023-02-01 ~ 2023-02-28,美国进口MoveFree益节 氨糖软骨素 钙片 维骨力氨基葡萄糖120粒*2,527016966632,竞品,省份,西藏自治区,,0.04%,0.05%
2023-02-01 ~ 2023-02-28,美国进口MoveFree益节 氨糖软骨素 钙片 维骨力氨基葡萄糖120粒*2,527016966632,竞品,省份,香港特别行政区,,0.00%,0.00%
2023-02-01 ~ 2023-02-28,美国进口MoveFree益节 氨糖软骨素 钙片 维骨力氨基葡萄糖120粒*2,527016966632,竞品,省份,澳门特别行政区,,0.00%,0.00%
2023-02-01 ~ 2023-02-28,美国进口MoveFree益节 氨糖软骨素 钙片 维骨力氨基葡萄糖120粒*2,527016966632,竞品,省份,雪兰莪,,0.00%,0.00%
2023-02-01 ~ 2023-02-28,美国进口MoveFree益节 氨糖软骨素 钙片 维骨力氨基葡萄糖120粒*2,527016966632,竞品,省份,台湾,,0.00%,0.00%
2023-02-01 ~ 2023-02-28,美国进口MoveFree益节 氨糖软骨素 钙片 维骨力氨基葡萄糖120粒*2,527016966632,竞品,类目偏好,氨基葡萄糖,,49.76%,68.81%
2023-02-01 ~ 2023-02-28,美国进口MoveFree益节 氨糖软骨素 钙片 维骨力氨基葡萄糖120粒*2,527016966632,竞品,类目偏好,连衣裙,,7.92%,5.48%
2023-02-01 ~ 2023-02-28,美国进口MoveFree益节 氨糖软骨素 钙片 维骨力氨基葡萄糖120粒*2,527016966632,竞品,类目偏好,氨糖软骨素/骨胶原,,7.74%,0.09%
2023-02-01 ~ 2023-02-28,美国进口MoveFree益节 氨糖软骨素 钙片 维骨力氨基葡萄糖120粒*2,527016966632,竞品,类目偏好,毛针织衫,,5.64%,3.60%
2023-02-01 ~ 2023-02-28,美国进口MoveFree益节 氨糖软骨素 钙片 维骨力氨基葡萄糖120粒*2,527016966632,竞品,类目偏好,面部护理套装,,5.14%,0.09%
2023-02-01 ~ 2023-02-28,美国进口MoveFree益节 氨糖软骨素 钙片 维骨力氨基葡萄糖120粒*2,527016966632,竞品,类目偏好,衬衫,,4.93%,3.86%
2023-02-01 ~ 2023-02-28,美国进口MoveFree益节 氨糖软骨素 钙片 维骨力氨基葡萄糖120粒*2,527016966632,竞品,类目偏好,休闲裤,,4.93%,2.91%
2023-02-01 ~ 2023-02-28,美国进口MoveFree益节 氨糖软骨素 钙片 维骨力氨基葡萄糖120粒*2,527016966632,竞品,类目偏好,手机保护套/壳,,4.84%,3.00%
2023-02-01 ~ 2023-02-28,美国进口MoveFree益节 氨糖软骨素 钙片 维骨力氨基葡萄糖120粒*2,527016966632,竞品,类目偏好,羽绒服,,4.60%,3.08%
2023-02-01 ~ 2023-02-28,美国进口MoveFree益节 氨糖软骨素 钙片 维骨力氨基葡萄糖120粒*2,527016966632,竞品,类目偏好,液态精华,,4.49%,0.09%
2023-02-01 ~ 2023-02-28,美国进口MoveFree益节 氨糖软骨素 钙片 维骨力氨基葡萄糖120粒*2,527016966632,竞品,类目偏好,跑步鞋,,0.01%,2.91%
2023-02-01 ~ 2023-02-28,美国进口MoveFree益节 氨糖软骨素 钙片 维骨力氨基葡萄糖120粒*2,527016966632,竞品,类目偏好,通用款女包,,0.01%,2.91%
2023-02-01 ~ 2023-02-28,美国进口MoveFree益节 氨糖软骨素 钙片 维骨力氨基葡萄糖120粒*2,527016966632,竞品,类目偏好,短外套,,0.01%,0.09%
2023-02-01 ~ 2023-02-28,美国进口MoveFree益节 氨糖软骨素 钙片 维骨力氨基葡萄糖120粒*2,527016966632,竞品,类目偏好,T恤,,0.01%,3.08%
2023-02-01 ~ 2023-02-28,美国进口MoveFree益节 氨糖软骨素 钙片 维骨力氨基葡萄糖120粒*2,527016966632,竞品,品牌偏好,Move Free/益节,,71.88%,94.82%
2023-02-01 ~ 2023-02-28,美国进口MoveFree益节 氨糖软骨素 钙片 维骨力氨基葡萄糖120粒*2,527016966632,竞品,品牌偏好,同仁堂,,4.72%,0.52%
2023-02-01 ~ 2023-02-28,美国进口MoveFree益节 氨糖软骨素 钙片 维骨力氨基葡萄糖120粒*2,527016966632,竞品,品牌偏好,Schiff,,4.24%,0.06%
2023-02-01 ~ 2023-02-28,美国进口MoveFree益节 氨糖软骨素 钙片 维骨力氨基葡萄糖120粒*2,527016966632,竞品,品牌偏好,KEYLID/健力多,,3.83%,0.06%
2023-02-01 ~ 2023-02-28,美国进口MoveFree益节 氨糖软骨素 钙片 维骨力氨基葡萄糖120粒*2,527016966632,竞品,品牌偏好,swisse,,3.54%,0.86%
2023-02-01 ~ 2023-02-28,美国进口MoveFree益节 氨糖软骨素 钙片 维骨力氨基葡萄糖120粒*2,527016966632,竞品,品牌偏好,BY－HEALTH/汤臣倍健,,2.62%,0.06%
2023-02-01 ~ 2023-02-28,美国进口MoveFree益节 氨糖软骨素 钙片 维骨力氨基葡萄糖120粒*2,527016966632,竞品,品牌偏好,南极人,,2.35%,0.06%
2023-02-01 ~ 2023-02-28,美国进口MoveFree益节 氨糖软骨素 钙片 维骨力氨基葡萄糖120粒*2,527016966632,竞品,品牌偏好,BLACKMORES/澳佳宝,,2.26%,0.06%
2023-02-01 ~ 2023-02-28,美国进口MoveFree益节 氨糖软骨素 钙片 维骨力氨基葡萄糖120粒*2,527016966632,竞品,品牌偏好,SUPOR/苏泊尔,,2.25%,0.46%
2023-02-01 ~ 2023-02-28,美国进口MoveFree益节 氨糖软骨素 钙片 维骨力氨基葡萄糖120粒*2,527016966632,竞品,品牌偏好,Puritan‘s Pride/普丽普莱,,2.23%,0.52%
2023-02-01 ~ 2023-02-28,美国进口MoveFree益节 氨糖软骨素 钙片 维骨力氨基葡萄糖120粒*2,527016966632,竞品,品牌偏好,MIUI/小米,,0.01%,0.52%
2023-02-01 ~ 2023-02-28,美国进口MoveFree益节 氨糖软骨素 钙片 维骨力氨基葡萄糖120粒*2,527016966632,竞品,品牌偏好,MiiOW/猫人,,0.01%,0.46%
2023-02-01 ~ 2023-02-28,美国进口MoveFree益节 氨糖软骨素 钙片 维骨力氨基葡萄糖120粒*2,527016966632,竞品,品牌偏好,AUX/奥克斯,,0.01%,0.46%
2023-02-01 ~ 2023-02-28,美国进口MoveFree益节 氨糖软骨素 钙片 维骨力氨基葡萄糖120粒*2,527016966632,竞品,品牌偏好,Lining/李宁,,0.01%,0.06%
2023-02-01 ~ 2023-02-28,美国进口MoveFree益节 氨糖软骨素 钙片 维骨力氨基葡萄糖120粒*2,527016966632,竞品,品牌偏好,Nike/耐克,,0.01%,0.06%
2023-02-01 ~ 2023-02-28,美国进口MoveFree益节 氨糖软骨素 钙片 维骨力氨基葡萄糖120粒*2,527016966632,竞品,品牌偏好,Huawei/华为,,0.01%,0.52%
2023-02-01 ~ 2023-02-28,美国进口MoveFree益节 氨糖软骨素 钙片 维骨力氨基葡萄糖120粒*2,527016966632,竞品,品牌偏好,Philips/飞利浦,,0.01%,0.46%
2023-02-01 ~ 2023-02-28,美国进口MoveFree益节 氨糖软骨素 钙片 维骨力氨基葡萄糖120粒*2,527016966632,竞品,消费层级,第一层级,,12.35%,4.02%
2023-02-01 ~ 2023-02-28,美国进口MoveFree益节 氨糖软骨素 钙片 维骨力氨基葡萄糖120粒*2,527016966632,竞品,消费层级,第二层级,,39.93%,31.08%
2023-02-01 ~ 2023-02-28,美国进口MoveFree益节 氨糖软骨素 钙片 维骨力氨基葡萄糖120粒*2,527016966632,竞品,消费层级,第三层级,,27.21%,32.34%
2023-02-01 ~ 2023-02-28,美国进口MoveFree益节 氨糖软骨素 钙片 维骨力氨基葡萄糖120粒*2,527016966632,竞品,消费层级,第四层级,,10.54%,16.81%
2023-02-01 ~ 2023-02-28,美国进口MoveFree益节 氨糖软骨素 钙片 维骨力氨基葡萄糖120粒*2,527016966632,竞品,消费层级,第五层级,,3.98%,8.09%
2023-02-01 ~ 2023-02-28,美国进口MoveFree益节 氨糖软骨素 钙片 维骨力氨基葡萄糖120粒*2,527016966632,竞品,消费层级,第六层级,,1.57%,3.81%
2023-02-01 ~ 2023-02-28,美国进口MoveFree益节 氨糖软骨素 钙片 维骨力氨基葡萄糖120粒*2,527016966632,竞品,消费层级,第七层级,,0.69%,1.79%
2023-02-01 ~ 2023-02-28,美国进口MoveFree益节 氨糖软骨素 钙片 维骨力氨基葡萄糖120粒*2,527016966632,竞品,消费层级,第八层级,,0.33%,1.20%
2023-02-01 ~ 2023-02-28,美国进口MoveFree益节 氨糖软骨素 钙片 维骨力氨基葡萄糖120粒*2,527016966632,竞品,消费层级,第九层级,,0.15%,0.48%
2023-02-01 ~ 2023-02-28,美国进口MoveFree益节 氨糖软骨素 钙片 维骨力氨基葡萄糖120粒*2,527016966632,竞品,消费层级,第十层级,,0.15%,0.37%
2023-02-01 ~ 2023-02-28,美国进口MoveFree益节 氨糖软骨素 钙片 维骨力氨基葡萄糖120粒*2,527016966632,竞品,消费层级,未知,,3.09%,0.02%
2023-02-01 ~ 2023-02-28,美国进口MoveFree益节 氨糖软骨素 钙片 维骨力氨基葡萄糖120粒*2,527016966632,竞品,淘气值,400及以下,,3.44%,0.28%
2023-02-01 ~ 2023-02-28,美国进口MoveFree益节 氨糖软骨素 钙片 维骨力氨基葡萄糖120粒*2,527016966632,竞品,淘气值,401-500,,9.99%,5.45%
2023-02-01 ~ 2023-02-28,美国进口MoveFree益节 氨糖软骨素 钙片 维骨力氨基葡萄糖120粒*2,527016966632,竞品,淘气值,501-600,,12.84%,9.09%
2023-02-01 ~ 2023-02-28,美国进口MoveFree益节 氨糖软骨素 钙片 维骨力氨基葡萄糖120粒*2,527016966632,竞品,淘气值,601-800,,21.90%,19.20%
2023-02-01 ~ 2023-02-28,美国进口MoveFree益节 氨糖软骨素 钙片 维骨力氨基葡萄糖120粒*2,527016966632,竞品,淘气值,801-1000,,15.03%,15.86%
2023-02-01 ~ 2023-02-28,美国进口MoveFree益节 氨糖软骨素 钙片 维骨力氨基葡萄糖120粒*2,527016966632,竞品,淘气值,1000以上,,36.80%,50.12%
